"","year","common","totalCatch"
"1",2003,"Anchovy, northern",0
"2",2003,"Barracuda, California",0
"3",2003,"Bass, giant sea",0
"4",2003,"Blacksmith",1
"5",2003,"Bonito, Pacific",0
"6",2003,"Bullhead, brown",328
"7",2003,"Butterfish (Pacific pompano)",0
"8",2003,"Cabezon",0
"9",2003,"Carp",0
"10",2003,"Cod, Pacific",42
"11",2003,"Croaker, unspecifed",0
"12",2003,"Croaker, white",0
"13",2003,"Dolphin (fish)",0
"14",2003,"Eel, California moray",93
"15",2003,"Eel, monkeyface (prickleback)..",97
"16",2003,"Escolar",0
"17",2003,"Fish, unspecified",254
"18",2003,"Flounder, arrowtooth",0
"19",2003,"Flounder, starry",0
"20",2003,"Flounder, unspecified",0
"21",2003,"Flyingfish",11
"22",2003,"Goby, yellowfin",493
"23",2003,"Greenling, kelp",0
"24",2003,"Grenadier",0
"25",2003,"Guitarfish, shovelnose",0
"26",2003,"Halfmoon",8
"27",2003,"Halibut, California",0
"28",2003,"Herring, Pacific",0
"29",2003,"Herring, Pacific - roe",0
"30",2003,"Herring, Pacific - roe on kelp",0
"31",2003,"Jacksmelt",0
"32",2003,"Kelpfish, giant",0
"33",2003,"Lingcod",0
"34",2003,"Lizardfish, California",427
"35",2003,"Louvar",976
"36",2003,"Mackerel, jack",0
"37",2003,"Mackerel, Pacific",0
"38",2003,"Midshipman, plainfin",18
"39",2003,"Mudsucker, longjaw",12
"40",2003,"Mullet, striped",0
"41",2003,"Opah",0
"42",2003,"Opaleye",869
"43",2003,"Pomfret, Pacific",196
"44",2003,"Queenfish",0
"45",2003,"Ray, bat",16
"46",2003,"Ray, Pacific electric",400
"47",2003,"Ray, unspecified",0
"48",2003,"Rockfish, aurora",0
"49",2003,"Rockfish, bank",0
"50",2003,"Rockfish, black",0
"51",2003,"Rockfish, black-and-yellow",0
"52",2003,"Rockfish, blackgill",0
"53",2003,"Rockfish, blue",0
"54",2003,"Rockfish, bocaccio",1173
"55",2003,"Rockfish, brown",0
"56",2003,"Rockfish, canary",436
"57",2003,"Rockfish, chilipepper",0
"58",2003,"Rockfish, China",0
"59",2003,"Rockfish, copper",0
"60",2003,"Rockfish, cowcod",8
"61",2003,"Rockfish, darkblotched",0
"62",2003,"Rockfish, flag",54
"63",2003,"Rockfish, gopher",0
"64",2003,"Rockfish, grass",0
"65",2003,"Rockfish, greenblotched",24
"66",2003,"Rockfish, greenspotted",670
"67",2003,"Rockfish, greenstriped",691
"68",2003,"Rockfish, group black/blue",93
"69",2003,"Rockfish, group bolina",0
"70",2003,"Rockfish, group deepwater reds",0
"71",2003,"Rockfish, group gopher",0
"72",2003,"Rockfish, group nearshore",327
"73",2003,"Rockfish, group red",0
"74",2003,"Rockfish, group rosefish",0
"75",2003,"Rockfish, group shelf",292
"76",2003,"Rockfish, group slope",0
"77",2003,"Rockfish, group small",0
"78",2003,"Rockfish, kelp",0
"79",2003,"Rockfish, Mexican",0
"80",2003,"Rockfish, olive",0
"81",2003,"Rockfish, pink",6
"82",2003,"Rockfish, quillback",274
"83",2003,"Rockfish, redbanded",294
"84",2003,"Rockfish, rosethorn",11
"85",2003,"Rockfish, rosy",0
"86",2003,"Rockfish, shortbelly",1123
"87",2003,"Rockfish, speckled",0
"88",2003,"Rockfish, splitnose",0
"89",2003,"Rockfish, squarespot",0
"90",2003,"Rockfish, starry",46
"91",2003,"Rockfish, swordspine",0
"92",2003,"Rockfish, treefish",0
"93",2003,"Rockfish, unspecified",0
"94",2003,"Rockfish, vermilion",0
"95",2003,"Rockfish, widow",0
"96",2003,"Rockfish, yelloweye",15
"97",2003,"Rockfish, yellowtail",0
"98",2003,"Sablefish",0
"99",2003,"Salmon",90
"100",2003,"Salmon, Chinook",0
"101",2003,"Salmon, Roe (Chinook and Coho",185
"102",2003,"Sanddab",0
"103",2003,"Sanddab, Pacific",0
"104",2003,"Sardine, Pacific",0
"105",2003,"Sargo",0
"106",2003,"Scorpionfish, California",241
"107",2003,"Sculpin, staghorn",0
"108",2003,"Seabass, white",0
"109",2003,"Senorita",0
"110",2003,"Shad, threadfin",173
"111",2003,"Shark, bigeye thresher",827
"112",2003,"Shark, blue",110
"113",2003,"Shark, brown smoothhound",0
"114",2003,"Shark, gray smoothhound",7
"115",2003,"Shark, leopard",0
"116",2003,"Shark, Pacific angel",0
"117",2003,"Shark, pelagic thresher",0
"118",2003,"Shark, sevengill",358
"119",2003,"Shark, shortfin mako",0
"120",2003,"Shark, sixgill",83
"121",2003,"Shark, smooth hammerhead",170
"122",2003,"Shark, soupfin",0
"123",2003,"Shark, spiny dogfish",0
"124",2003,"Shark, swell",401
"125",2003,"Shark, thresher",0
"126",2003,"Shark, unspecified",0
"127",2003,"Sheephead, California",0
"128",2003,"Skate, big",90
"129",2003,"Skate, unspecified",0
"130",2003,"Smelt, night",0
"131",2003,"Smelt, surf",0
"132",2003,"Smelts, true",5
"133",2003,"Sole, Dover",0
"134",2003,"Sole, English",0
"135",2003,"Sole, fantail",50
"136",2003,"Sole, petrale",0
"137",2003,"Sole, rex",0
"138",2003,"Sole, rock",0
"139",2003,"Sole, sand",0
"140",2003,"Sole, unspecified",0
"141",2003,"Stickleback, threespine",7
"142",2003,"Stingray",15
"143",2003,"Sunfish, ocean",0
"144",2003,"Surfperch, barred",0
"145",2003,"Surfperch, black",3
"146",2003,"Surfperch, calico",150
"147",2003,"Surfperch, pile",5
"148",2003,"Surfperch, rainbow",3
"149",2003,"Surfperch, redtail",173
"150",2003,"Surfperch, rubberlip",19
"151",2003,"Surfperch, shiner",8
"152",2003,"Surfperch, unspecified",0
"153",2003,"Surfperch, walleye",26
"154",2003,"Swordfish",0
"155",2003,"Thornyhead, longspine",0
"156",2003,"Thornyhead, shortspine",0
"157",2003,"Thornyheads",0
"158",2003,"Tomcod, Pacific",0
"159",2003,"Topsmelt",0
"160",2003,"Tuna, albacore",0
"161",2003,"Tuna, bigeye",0
"162",2003,"Tuna, bluefin",0
"163",2003,"Tuna, skipjack",0
"164",2003,"Tuna, unspecified",21
"165",2003,"Tuna, yellowfin",324
"166",2003,"Turbot",0
"167",2003,"Turbot, curlfin",4
"168",2003,"Wahoo",85
"169",2003,"Whitefish, ocean",0
"170",2003,"Whiting, Pacific",297
"171",2003,"Yellowtail",0
"172",2004,"Anchovy, deepbody",14
"173",2004,"Anchovy, northern",0
"174",2004,"Barracuda, California",0
"175",2004,"Bass, giant sea",0
"176",2004,"Blacksmith",1
"177",2004,"Bonito, Pacific",0
"178",2004,"Butterfish (Pacific pompano)..",0
"179",2004,"Cabezon",0
"180",2004,"Carp",0
"181",2004,"Cod, Pacific",26
"182",2004,"Croaker, black",0
"183",2004,"Croaker, unspecifed",0
"184",2004,"Croaker, white",0
"185",2004,"Dolphin (fish)",0
"186",2004,"Eel",2
"187",2004,"Eel, California moray",0
"188",2004,"Eel, monkeyface (prickleback)",159
"189",2004,"Eel, wolf (wolf-eel)",41
"190",2004,"Escolar",0
"191",2004,"Fish, unspecified",976
"192",2004,"Flounder, arrowtooth",0
"193",2004,"Flounder, starry",0
"194",2004,"Flounder, unspecified",0
"195",2004,"Flyingfish",10
"196",2004,"Goby, yellowfin",27
"197",2004,"Greenling, kelp",0
"198",2004,"Grenadier",0
"199",2004,"Guitarfish, shovelnose",0
"200",2004,"Hagfishes",0
"201",2004,"Halfmoon",2
"202",2004,"Halibut, California",0
"203",2004,"Halibut, unspecified",16
"204",2004,"Herring, Pacific",0
"205",2004,"Herring, Pacific - roe",0
"206",2004,"Herring, Pacific - roe on kelp",0
"207",2004,"Jacks, unspecified",5
"208",2004,"Jacksmelt",0
"209",2004,"Kelpfishes",1
"210",2004,"Lingcod",0
"211",2004,"Lizardfish, California",63
"212",2004,"Louvar",648
"213",2004,"Mackerel, jack",83
"214",2004,"Mackerel, Pacific",0
"215",2004,"Mackerel, unspecified",190
"216",2004,"Oilfish",0
"217",2004,"Opah",0
"218",2004,"Opaleye",71
"219",2004,"Pomfret, Pacific",358
"220",2004,"Queenfish",0
"221",2004,"Ray, bat",209
"222",2004,"Ray, Pacific electric",965
"223",2004,"Ray, unspecified",19
"224",2004,"Rockfish, aurora",375
"225",2004,"Rockfish, bank",0
"226",2004,"Rockfish, black",0
"227",2004,"Rockfish, black-and-yellow",0
"228",2004,"Rockfish, blackgill",0
"229",2004,"Rockfish, blue",0
"230",2004,"Rockfish, bocaccio",0
"231",2004,"Rockfish, bronzespotted",42
"232",2004,"Rockfish, brown",0
"233",2004,"Rockfish, canary",491
"234",2004,"Rockfish, chameleon",0
"235",2004,"Rockfish, chilipepper",0
"236",2004,"Rockfish, China",0
"237",2004,"Rockfish, copper",0
"238",2004,"Rockfish, copper (whitebelly)..",328
"239",2004,"Rockfish, cowcod",68
"240",2004,"Rockfish, darkblotched",0
"241",2004,"Rockfish, flag",57
"242",2004,"Rockfish, gopher",0
"243",2004,"Rockfish, grass",0
"244",2004,"Rockfish, greenblotched",7
"245",2004,"Rockfish, greenspotted",542
"246",2004,"Rockfish, greenstriped",208
"247",2004,"Rockfish, group bolina",0
"248",2004,"Rockfish, group deep nearshore.",302
"249",2004,"Rockfish, group deepwater reds..",354
"250",2004,"Rockfish, group gopher",0
"251",2004,"Rockfish, group nearshore",56
"252",2004,"Rockfish, group red",0
"253",2004,"Rockfish, group rosefish",0
"254",2004,"Rockfish, group shelf",403
"255",2004,"Rockfish, group slope",0
"256",2004,"Rockfish, group small",841
"257",2004,"Rockfish, honeycomb",0
"258",2004,"Rockfish, kelp",0
"259",2004,"Rockfish, Mexican",48
"260",2004,"Rockfish, olive",0
"261",2004,"Rockfish, Pacific ocean perch",118
"262",2004,"Rockfish, pink",12
"263",2004,"Rockfish, quillback",1053
"264",2004,"Rockfish, redbanded",214
"265",2004,"Rockfish, rosethorn",46
"266",2004,"Rockfish, rosy",369
"267",2004,"Rockfish, shortbelly",87
"268",2004,"Rockfish, speckled",22
"269",2004,"Rockfish, splitnose",0
"270",2004,"Rockfish, squarespot",2
"271",2004,"Rockfish, starry",201
"272",2004,"Rockfish, stripetail",248
"273",2004,"Rockfish, treefish",1136
"274",2004,"Rockfish, unspecified",0
"275",2004,"Rockfish, vermilion",0
"276",2004,"Rockfish, widow",0
"277",2004,"Rockfish, yelloweye",43
"278",2004,"Rockfish, yellowtail",0
"279",2004,"Sablefish",0
"280",2004,"Salmon",0
"281",2004,"Salmon, Chinook",0
"282",2004,"Salmon, Roe (Chinook and Coh",221
"283",2004,"Sanddab",0
"284",2004,"Sanddab, longfin",4
"285",2004,"Sanddab, Pacific",228
"286",2004,"Sardine, Pacific",0
"287",2004,"Sargo",2
"288",2004,"Scorpionfish, California",0
"289",2004,"Sculpin, staghorn",0
"290",2004,"Seabass, white",0
"291",2004,"Shark, basking",77
"292",2004,"Shark, bigeye thresher",215
"293",2004,"Shark, blacktip",0
"294",2004,"Shark, blue",28
"295",2004,"Shark, brown smoothhound",0
"296",2004,"Shark, gray smoothhound",0
"297",2004,"Shark, horn",30
"298",2004,"Shark, leopard",0
"299",2004,"Shark, Pacific angel",0
"300",2004,"Shark, pelagic thresher",120
"301",2004,"Shark, sevengill",308
"302",2004,"Shark, shortfin mako",0
"303",2004,"Shark, soupfin",0
"304",2004,"Shark, spiny dogfish",0
"305",2004,"Shark, swell",147
"306",2004,"Shark, thresher",0
"307",2004,"Shark, unspecified",0
"308",2004,"Shark, white",0
"309",2004,"Sharks, cow",0
"310",2004,"Sheephead, California",0
"311",2004,"Silversides",256
"312",2004,"Skate, California",47
"313",2004,"Skate, thornback",0
"314",2004,"Skate, unspecified",0
"315",2004,"Smelt, night",0
"316",2004,"Smelt, surf",0
"317",2004,"Smelts, true",229
"318",2004,"Sole, Dover",0
"319",2004,"Sole, English",0
"320",2004,"Sole, fantail",2
"321",2004,"Sole, petrale",0
"322",2004,"Sole, rex",0
"323",2004,"Sole, rock",0
"324",2004,"Sole, sand",0
"325",2004,"Sole, unspecified",0
"326",2004,"Stingray",0
"327",2004,"Surfperch, barred",0
"328",2004,"Surfperch, black",52
"329",2004,"Surfperch, pile",42
"330",2004,"Surfperch, rainbow",8
"331",2004,"Surfperch, redtail",149
"332",2004,"Surfperch, rubberlip",77
"333",2004,"Surfperch, shiner",0
"334",2004,"Surfperch, unspecified",0
"335",2004,"Surfperch, walleye",64
"336",2004,"Swordfish",0
"337",2004,"Thornyhead, longspine",0
"338",2004,"Thornyhead, shortspine",0
"339",2004,"Thornyheads",0
"340",2004,"Tomcod, Pacific",544
"341",2004,"Tuna, albacore",0
"342",2004,"Tuna, bigeye",0
"343",2004,"Tuna, bluefin",0
"344",2004,"Tuna, skipjack",310
"345",2004,"Tuna, unspecified",925
"346",2004,"Tuna, yellowfin",918
"347",2004,"Turbot",0
"348",2004,"Wahoo",9
"349",2004,"Whitefish, ocean",0
"350",2004,"Whiting, Pacific",541
"351",2004,"Wrasse, rock",3
"352",2004,"Yellowtail",0
"353",2004,"Zebraperch",0
"354",2005,"Anchovy, northern",0
"355",2005,"Barracuda, California",0
"356",2005,"Bass, giant sea",0
"357",2005,"Blackfish, Sacramento",2
"358",2005,"Blacksmith",0
"359",2005,"Bonito, Pacific",0
"360",2005,"Butterfish (Pacific pompano)..",0
"361",2005,"Cabezon",0
"362",2005,"Carp",0
"363",2005,"Croaker, unspecifed",0
"364",2005,"Croaker, white",0
"365",2005,"Dolphin (fish)",109
"366",2005,"Eel, California moray",692
"367",2005,"Eel, monkeyface (prickleback)",99
"368",2005,"Escolar",189
"369",2005,"Fish, unspecified",25
"370",2005,"Flounder, arrowtooth",0
"371",2005,"Flounder, starry",0
"372",2005,"Flounder, unspecified",1773
"373",2005,"Goby, yellowfin",79
"374",2005,"Greenling, kelp",0
"375",2005,"Grenadier",0
"376",2005,"Guitarfish, shovelnose",0
"377",2005,"Hagfishes",0
"378",2005,"Halfmoon",0
"379",2005,"Halibut, California",0
"380",2005,"Herring, Pacific",0
"381",2005,"Herring, Pacific - roe",0
"382",2005,"Jacksmelt",0
"383",2005,"Kelpfishes",0
"384",2005,"Lingcod",0
"385",2005,"Lizardfish, California",393
"386",2005,"Louvar",230
"387",2005,"Mackerel, bullet",45
"388",2005,"Mackerel, jack",0
"389",2005,"Mackerel, Pacific",0
"390",2005,"Midshipman, plainfin",0
"391",2005,"Mudsucker, longjaw",130
"392",2005,"Oilfish",102
"393",2005,"Opah",0
"394",2005,"Opaleye",0
"395",2005,"Pomfret, Pacific",234
"396",2005,"Ratfish, spotted",2
"397",2005,"Ray, bat",271
"398",2005,"Ray, Pacific electric",0
"399",2005,"Ray, unspecified",0
"400",2005,"Rockfish, aurora",721
"401",2005,"Rockfish, bank",0
"402",2005,"Rockfish, black",0
"403",2005,"Rockfish, black-and-yellow",0
"404",2005,"Rockfish, blackgill",0
"405",2005,"Rockfish, blue",0
"406",2005,"Rockfish, bocaccio",0
"407",2005,"Rockfish, bronzespotted",0
"408",2005,"Rockfish, brown",0
"409",2005,"Rockfish, canary",0
"410",2005,"Rockfish, chilipepper",0
"411",2005,"Rockfish, China",0
"412",2005,"Rockfish, copper",0
"413",2005,"Rockfish, cowcod",3
"414",2005,"Rockfish, darkblotched",0
"415",2005,"Rockfish, flag",42
"416",2005,"Rockfish, gopher",0
"417",2005,"Rockfish, grass",0
"418",2005,"Rockfish, greenblotched",188
"419",2005,"Rockfish, greenspotted",689
"420",2005,"Rockfish, greenstriped",75
"421",2005,"Rockfish, group black/blue",463
"422",2005,"Rockfish, group bolina",0
"423",2005,"Rockfish, group deep nearshore.",0
"424",2005,"Rockfish, group gopher",0
"425",2005,"Rockfish, group nearshore",57
"426",2005,"Rockfish, group red",0
"427",2005,"Rockfish, group rosefish",0
"428",2005,"Rockfish, group shelf",2042
"429",2005,"Rockfish, group slope",0
"430",2005,"Rockfish, group small",961
"431",2005,"Rockfish, kelp",1804
"432",2005,"Rockfish, Mexican",19
"433",2005,"Rockfish, olive",0
"434",2005,"Rockfish, Pacific ocean perch",6
"435",2005,"Rockfish, pink",74
"436",2005,"Rockfish, quillback",933
"437",2005,"Rockfish, redbanded",100
"438",2005,"Rockfish, rosethorn",0
"439",2005,"Rockfish, rosy",32
"440",2005,"Rockfish, speckled",64
"441",2005,"Rockfish, splitnose",810
"442",2005,"Rockfish, squarespot",0
"443",2005,"Rockfish, starry",146
"444",2005,"Rockfish, treefish",0
"445",2005,"Rockfish, unspecified",0
"446",2005,"Rockfish, vermilion",0
"447",2005,"Rockfish, widow",1257
"448",2005,"Rockfish, yelloweye",46
"449",2005,"Rockfish, yellowtail",0
"450",2005,"Sablefish",0
"451",2005,"Salmon",456
"452",2005,"Salmon, Chinook",0
"453",2005,"Salmon, pink",3
"454",2005,"Salmon, Roe (Chinook, Coho)",319
"455",2005,"Sanddab",0
"456",2005,"Sanddab, Pacific",0
"457",2005,"Sanddab, speckled",3
"458",2005,"Sardine, Pacific",0
"459",2005,"Sargo",0
"460",2005,"Scorpionfish, California",0
"461",2005,"Sculpin, staghorn",0
"462",2005,"Seabass, white",0
"463",2005,"Senorita",0
"464",2005,"Shark, bigeye thresher",170
"465",2005,"Shark, brown smoothhound",0
"466",2005,"Shark, gray smoothhound",49
"467",2005,"Shark, horn",0
"468",2005,"Shark, leopard",0
"469",2005,"Shark, Pacific angel",0
"470",2005,"Shark, pelagic thresher",54
"471",2005,"Shark, sevengill",422
"472",2005,"Shark, shortfin mako",0
"473",2005,"Shark, sixgill",46
"474",2005,"Shark, smooth hammerhead",158
"475",2005,"Shark, soupfin",0
"476",2005,"Shark, spiny dogfish",683
"477",2005,"Shark, swell",20
"478",2005,"Shark, thresher",0
"479",2005,"Shark, unspecified",0
"480",2005,"Shark, white",60
"481",2005,"Sheephead, California",0
"482",2005,"Skate, unspecified",0
"483",2005,"Smelt, night",0
"484",2005,"Smelt, surf",110
"485",2005,"Smelts, true",0
"486",2005,"Sole, butter",141
"487",2005,"Sole, Dover",0
"488",2005,"Sole, English",0
"489",2005,"Sole, fantail",10
"490",2005,"Sole, petrale",0
"491",2005,"Sole, rex",0
"492",2005,"Sole, rock",0
"493",2005,"Sole, sand",0
"494",2005,"Sole, unspecified",0
"495",2005,"Stingray",0
"496",2005,"Surfperch, barred",0
"497",2005,"Surfperch, black",8
"498",2005,"Surfperch, pile",0
"499",2005,"Surfperch, rainbow",66
"500",2005,"Surfperch, redtail",12
"501",2005,"Surfperch, rubberlip",9
"502",2005,"Surfperch, shiner",198
"503",2005,"Surfperch, unspecified",0
"504",2005,"Surfperch, walleye",30
"505",2005,"Swordfish",0
"506",2005,"Thornyhead, longspine",0
"507",2005,"Thornyhead, shortspine",0
"508",2005,"Thornyheads",0
"509",2005,"Tuna, albacore",0
"510",2005,"Tuna, bigeye",0
"511",2005,"Tuna, bluefin",0
"512",2005,"Tuna, skipjack",605
"513",2005,"Tuna, unspecified",0
"514",2005,"Tuna, yellowfin",1639
"515",2005,"Turbot",0
"516",2005,"Wahoo",60
"517",2005,"Whitefish, ocean",0
"518",2005,"Whiting, Pacific",0
"519",2005,"Wrasse, rock",1
"520",2005,"Yellowtail",0
"521",2005,"Zebraperch",0
"522",2006,"Anchovy, northern",0
"523",2006,"Barracuda, California",0
"524",2006,"Bass, giant sea",0
"525",2006,"Blacksmith",0
"526",2006,"Bonito, Pacific",0
"527",2006,"Butterfish (Pacific pompano)..",0
"528",2006,"Cabezon",0
"529",2006,"Carp",0
"530",2006,"Croaker, unspecifed",0
"531",2006,"Croaker, white",0
"532",2006,"Dolphin (fish)",0
"533",2006,"Eel, California moray",1
"534",2006,"Eel, monkeyface (prickleback)",77
"535",2006,"Escolar",877
"536",2006,"Fish, unspecified",14
"537",2006,"Flounder, arrowtooth",0
"538",2006,"Flounder, starry",0
"539",2006,"Flounder, unspecified",0
"540",2006,"Goby, yellowfin",25
"541",2006,"Greenling, kelp",0
"542",2006,"Grenadier",0
"543",2006,"Grouper, broomtail",0
"544",2006,"Guitarfish, shovelnose",0
"545",2006,"Hagfishes",0
"546",2006,"Halfmoon",51
"547",2006,"Halibut, California",0
"548",2006,"Halibut, Pacific",0
"549",2006,"Herring, Pacific",0
"550",2006,"Herring, Pacific - roe",0
"551",2006,"Herring, Pacific - roe on kelp",520
"552",2006,"Jacksmelt",0
"553",2006,"Lingcod",0
"554",2006,"Lizardfish, California",0
"555",2006,"Louvar",867
"556",2006,"Mackerel, jack",0
"557",2006,"Mackerel, Pacific",0
"558",2006,"Midshipman, plainfin",11
"559",2006,"Mudsucker, longjaw",21
"560",2006,"Opah",0
"561",2006,"Opaleye",21
"562",2006,"Pomfret, Pacific",26
"563",2006,"Ratfish, spotted",3
"564",2006,"Ray, bat",0
"565",2006,"Ray, Pacific electric",0
"566",2006,"Ray, unspecified",10
"567",2006,"Rockfish, aurora",308
"568",2006,"Rockfish, bank",0
"569",2006,"Rockfish, black",0
"570",2006,"Rockfish, black-and-yellow",0
"571",2006,"Rockfish, blackgill",0
"572",2006,"Rockfish, blue",0
"573",2006,"Rockfish, bocaccio",0
"574",2006,"Rockfish, bronzespotted",29
"575",2006,"Rockfish, brown",0
"576",2006,"Rockfish, canary",0
"577",2006,"Rockfish, chilipepper",0
"578",2006,"Rockfish, China",0
"579",2006,"Rockfish, copper",0
"580",2006,"Rockfish, darkblotched",0
"581",2006,"Rockfish, flag",530
"582",2006,"Rockfish, gopher",0
"583",2006,"Rockfish, grass",0
"584",2006,"Rockfish, greenblotched",986
"585",2006,"Rockfish, greenspotted",386
"586",2006,"Rockfish, greenstriped",22
"587",2006,"Rockfish, group bolina",0
"588",2006,"Rockfish, group deep nearshore.",500
"589",2006,"Rockfish, group gopher",0
"590",2006,"Rockfish, group nearshore",858
"591",2006,"Rockfish, group red",0
"592",2006,"Rockfish, group rosefish",0
"593",2006,"Rockfish, group shelf",0
"594",2006,"Rockfish, group slope",0
"595",2006,"Rockfish, group small",0
"596",2006,"Rockfish, honeycomb",18
"597",2006,"Rockfish, kelp",1551
"598",2006,"Rockfish, Mexican",818
"599",2006,"Rockfish, olive",0
"600",2006,"Rockfish, Pacific ocean perch",39
"601",2006,"Rockfish, quillback",1031
"602",2006,"Rockfish, redbanded",2
"603",2006,"Rockfish, rosethorn",66
"604",2006,"Rockfish, rosy",787
"605",2006,"Rockfish, shortbelly",0
"606",2006,"Rockfish, speckled",646
"607",2006,"Rockfish, splitnose",0
"608",2006,"Rockfish, starry",275
"609",2006,"Rockfish, swordspine",25
"610",2006,"Rockfish, treefish",0
"611",2006,"Rockfish, unspecified",0
"612",2006,"Rockfish, vermilion",0
"613",2006,"Rockfish, widow",0
"614",2006,"Rockfish, yelloweye",2
"615",2006,"Rockfish, yellowtail",0
"616",2006,"Sablefish",0
"617",2006,"Salmon, Chinook",0
"618",2006,"Salmon, Roe (Chinook, Coho)",93
"619",2006,"Sanddab",0
"620",2006,"Sanddab, Pacific",0
"621",2006,"Sardine, Pacific",0
"622",2006,"Sargo",0
"623",2006,"Scorpionfish, California",0
"624",2006,"Sculpin, staghorn",0
"625",2006,"Seabass, white",0
"626",2006,"Senorita",0
"627",2006,"Shad, American",152
"628",2006,"Shad, threadfin",19
"629",2006,"Shark, bigeye thresher",0
"630",2006,"Shark, brown smoothhound",0
"631",2006,"Shark, gray smoothhound",0
"632",2006,"Shark, horn",13
"633",2006,"Shark, leopard",0
"634",2006,"Shark, Pacific angel",0
"635",2006,"Shark, pelagic thresher",203
"636",2006,"Shark, sevengill",378
"637",2006,"Shark, shortfin mako",0
"638",2006,"Shark, smooth hammerhead",398
"639",2006,"Shark, soupfin",0
"640",2006,"Shark, spiny dogfish",0
"641",2006,"Shark, swell",207
"642",2006,"Shark, thresher",0
"643",2006,"Shark, unspecified",0
"644",2006,"Shark, white",411
"645",2006,"Sharks, cow",0
"646",2006,"Sheephead, California",0
"647",2006,"Silversides",0
"648",2006,"Skate, thornback",0
"649",2006,"Skate, unspecified",0
"650",2006,"Smelt, night",276
"651",2006,"Smelt, surf",572
"652",2006,"Sole, butter",157
"653",2006,"Sole, Dover",0
"654",2006,"Sole, English",0
"655",2006,"Sole, petrale",0
"656",2006,"Sole, rex",0
"657",2006,"Sole, rock",0
"658",2006,"Sole, sand",0
"659",2006,"Sole, unspecified",0
"660",2006,"Stingray",143
"661",2006,"Sunfish, ocean",6
"662",2006,"Surfperch, barred",0
"663",2006,"Surfperch, black",6
"664",2006,"Surfperch, pile",0
"665",2006,"Surfperch, rainbow",6
"666",2006,"Surfperch, redtail",95
"667",2006,"Surfperch, rubberlip",77
"668",2006,"Surfperch, shiner",135
"669",2006,"Surfperch, unspecified",0
"670",2006,"Surfperch, walleye",45
"671",2006,"Swordfish",0
"672",2006,"Thornyhead, longspine",0
"673",2006,"Thornyhead, shortspine",0
"674",2006,"Thornyheads",0
"675",2006,"Topsmelt",0
"676",2006,"Tuna, albacore",0
"677",2006,"Tuna, bigeye",0
"678",2006,"Tuna, bluefin",924
"679",2006,"Tuna, skipjack",1190
"680",2006,"Tuna, unspecified",0
"681",2006,"Tuna, yellowfin",0
"682",2006,"Turbot",0
"683",2006,"Turbot, curlfin",0
"684",2006,"Wahoo",0
"685",2006,"Whitefish, ocean",0
"686",2006,"Whiting, Pacific",0
"687",2006,"Wrasse, rock",15
"688",2006,"Yellowtail",0
"689",2007,"Anchovy, northern",0
"690",2007,"Barracuda, California",1096
"691",2007,"Bass, giant sea",0
"692",2007,"Blacksmith",0
"693",2007,"Bonito, Pacific",0
"694",2007,"Butterfish (Pacific pompano)..",0
"695",2007,"Cabezon",0
"696",2007,"Carp",0
"697",2007,"Corvina, shortfin",61
"698",2007,"Croaker, unspecifed",0
"699",2007,"Croaker, white",0
"700",2007,"Dolphin (fish)",0
"701",2007,"Eel",75
"702",2007,"Eel, California moray",0
"703",2007,"Eel, monkeyface (prickleback)",51
"704",2007,"Escolar",872
"705",2007,"Fish, unspecified",10
"706",2007,"Flounder, arrowtooth",0
"707",2007,"Flounder, starry",0
"708",2007,"Flounder, unspecified",624
"709",2007,"Goby, yellowfin",1121
"710",2007,"Greenling, kelp",0
"711",2007,"Greenling, rock",1
"712",2007,"Grenadier",0
"713",2007,"Guitarfish, shovelnose",0
"714",2007,"Hagfishes",0
"715",2007,"Halfmoon",0
"716",2007,"Halibut, California",0
"717",2007,"Halibut, Pacific",0
"718",2007,"Herring, Pacific",0
"719",2007,"Herring, Pacific - roe",0
"720",2007,"Herring, Pacific - roe on kelp",0
"721",2007,"Jacksmelt",0
"722",2007,"Kelpfish, giant",2
"723",2007,"Lingcod",0
"724",2007,"Lizardfish, California",215
"725",2007,"Louvar",414
"726",2007,"Mackerel, jack",0
"727",2007,"Mackerel, Pacific",0
"728",2007,"Mackerel, unspecified",1012
"729",2007,"Midshipman, plainfin",334
"730",2007,"Oilfish",34
"731",2007,"Opah",0
"732",2007,"Opaleye",11
"733",2007,"Pomfret, Pacific",178
"734",2007,"Queenfish",0
"735",2007,"Ratfish, spotted",160
"736",2007,"Ray, bat",0
"737",2007,"Ray, Pacific electric",440
"738",2007,"Ray, unspecified",818
"739",2007,"Rockfish, aurora",0
"740",2007,"Rockfish, bank",0
"741",2007,"Rockfish, black",0
"742",2007,"Rockfish, black-and-yellow",0
"743",2007,"Rockfish, blackgill",0
"744",2007,"Rockfish, blue",0
"745",2007,"Rockfish, bocaccio",0
"746",2007,"Rockfish, bronzespotted",90
"747",2007,"Rockfish, brown",0
"748",2007,"Rockfish, canary",0
"749",2007,"Rockfish, chilipepper",0
"750",2007,"Rockfish, China",0
"751",2007,"Rockfish, copper",0
"752",2007,"Rockfish, cowcod",0
"753",2007,"Rockfish, darkblotched",0
"754",2007,"Rockfish, flag",266
"755",2007,"Rockfish, gopher",0
"756",2007,"Rockfish, grass",0
"757",2007,"Rockfish, greenblotched",1900
"758",2007,"Rockfish, greenspotted",1298
"759",2007,"Rockfish, greenstriped",25
"760",2007,"Rockfish, group black/blue",3
"761",2007,"Rockfish, group bolina",1352
"762",2007,"Rockfish, group deep nearshore.",565
"763",2007,"Rockfish, group gopher",1712
"764",2007,"Rockfish, group nearshore",96
"765",2007,"Rockfish, group red",0
"766",2007,"Rockfish, group rosefish",0
"767",2007,"Rockfish, group shelf",1071
"768",2007,"Rockfish, group slope",0
"769",2007,"Rockfish, group small",40
"770",2007,"Rockfish, honeycomb",0
"771",2007,"Rockfish, kelp",1005
"772",2007,"Rockfish, Mexican",329
"773",2007,"Rockfish, olive",0
"774",2007,"Rockfish, Pacific ocean perch",0
"775",2007,"Rockfish, quillback",0
"776",2007,"Rockfish, redbanded",0
"777",2007,"Rockfish, rosethorn",5
"778",2007,"Rockfish, rosy",928
"779",2007,"Rockfish, speckled",39
"780",2007,"Rockfish, splitnose",0
"781",2007,"Rockfish, squarespot",0
"782",2007,"Rockfish, starry",1097
"783",2007,"Rockfish, stripetail",5
"784",2007,"Rockfish, swordspine",8
"785",2007,"Rockfish, treefish",0
"786",2007,"Rockfish, unspecified",0
"787",2007,"Rockfish, vermilion",0
"788",2007,"Rockfish, widow",0
"789",2007,"Rockfish, yelloweye",401
"790",2007,"Rockfish, yellowtail",0
"791",2007,"Sablefish",0
"792",2007,"Salmon",0
"793",2007,"Salmon, Chinook",0
"794",2007,"Salmon, Roe (Chinook, Coho)",83
"795",2007,"Sanddab",0
"796",2007,"Sanddab, Pacific",0
"797",2007,"Sardine, Pacific",0
"798",2007,"Sargo",0
"799",2007,"Scorpionfish, California",0
"800",2007,"Sculpin, staghorn",0
"801",2007,"Seabass, white",0
"802",2007,"Senorita",0
"803",2007,"Shad, American",0
"804",2007,"Shad, threadfin",20
"805",2007,"Shark, bigeye thresher",200
"806",2007,"Shark, blue",57
"807",2007,"Shark, brown smoothhound",921
"808",2007,"Shark, gray smoothhound",108
"809",2007,"Shark, horn",87
"810",2007,"Shark, leopard",0
"811",2007,"Shark, Pacific angel",0
"812",2007,"Shark, pelagic thresher",301
"813",2007,"Shark, salmon",81
"814",2007,"Shark, sevengill",96
"815",2007,"Shark, shortfin mako",0
"816",2007,"Shark, sixgill",76
"817",2007,"Shark, smooth hammerhead",166
"818",2007,"Shark, soupfin",0
"819",2007,"Shark, spiny dogfish",0
"820",2007,"Shark, swell",0
"821",2007,"Shark, thresher",0
"822",2007,"Shark, unspecified",0
"823",2007,"Shark, white",568
"824",2007,"Sheephead, California",0
"825",2007,"Silversides",0
"826",2007,"Skate, big",12
"827",2007,"Skate, unspecified",0
"828",2007,"Smelt, night",0
"829",2007,"Smelt, surf",101
"830",2007,"Smelts, true",0
"831",2007,"Sole, Dover",0
"832",2007,"Sole, English",0
"833",2007,"Sole, fantail",5
"834",2007,"Sole, petrale",0
"835",2007,"Sole, rex",0
"836",2007,"Sole, rock",0
"837",2007,"Sole, sand",0
"838",2007,"Sole, slender",172
"839",2007,"Sole, unspecified",0
"840",2007,"Stingray",105
"841",2007,"Sunfish, ocean",0
"842",2007,"Surfperch, barred",1682
"843",2007,"Surfperch, black",9
"844",2007,"Surfperch, calico",3
"845",2007,"Surfperch, redtail",0
"846",2007,"Surfperch, rubberlip",9
"847",2007,"Surfperch, unspecified",0
"848",2007,"Swordfish",0
"849",2007,"Thornyhead, longspine",0
"850",2007,"Thornyhead, shortspine",0
"851",2007,"Thornyheads",0
"852",2007,"Triggerfish",7
"853",2007,"Tuna, albacore",0
"854",2007,"Tuna, bigeye",0
"855",2007,"Tuna, bluefin",0
"856",2007,"Tuna, skipjack",1241
"857",2007,"Tuna, skipjack, black",284
"858",2007,"Tuna, unspecified",13
"859",2007,"Tuna, yellowfin",0
"860",2007,"Turbot",949
"861",2007,"Turbot, curlfin",6
"862",2007,"Wahoo",791
"863",2007,"Whitefish, ocean",0
"864",2007,"Whiting, Pacific",0
"865",2007,"Wrasse, rock",0
"866",2007,"Yellowtail",0
"867",2008,"Anchovy, northern",0
"868",2008,"Barracuda, California",0
"869",2008,"Bass, barred sand",0
"870",2008,"Bass, giant sea",0
"871",2008,"Bass, kelp",0
"872",2008,"Bonito, Pacific",0
"873",2008,"Butterfish (Pacific pompano)...",0
"874",2008,"Cabezon",0
"875",2008,"Carp",0
"876",2008,"Cod, Pacific",0
"877",2008,"Corbina, California",0
"878",2008,"Croaker, unspecifed",73
"879",2008,"Croaker, white",0
"880",2008,"Dolphin (fish)",0
"881",2008,"Eel, California moray",0
"882",2008,"Eel, monkeyface (prickleback)",59
"883",2008,"Escolar",0
"884",2008,"Fish, unspecified",169
"885",2008,"Flounder, arrowtooth",0
"886",2008,"Flounder, starry",0
"887",2008,"Flounder, unspecified",559
"888",2008,"Flyingfish",0
"889",2008,"Goby, yellowfin",177
"890",2008,"Greenling, kelp",0
"891",2008,"Grenadier",0
"892",2008,"Grouper",0
"893",2008,"Guitarfish, shovelnose",0
"894",2008,"Hagfishes",0
"895",2008,"Halfmoon",3
"896",2008,"Halibut, California",0
"897",2008,"Halibut, unspecified",67
"898",2008,"Herring, Pacific",0
"899",2008,"Herring, Pacific - roe",0
"900",2008,"Herring, Pacific - roe on kelp...",0
"901",2008,"Jacks, unspecified",10
"902",2008,"Jacksmelt",0
"903",2008,"Kelpfishes",0
"904",2008,"Lingcod",0
"905",2008,"Lizardfish, California",147
"906",2008,"Louvar",324
"907",2008,"Mackerel, jack",0
"908",2008,"Mackerel, Pacific",0
"909",2008,"Mackerel, unspecified",1020
"910",2008,"Oilfish",417
"911",2008,"Opah",0
"912",2008,"Opaleye",12
"913",2008,"Pomfret, Pacific",6
"914",2008,"Queenfish",0
"915",2008,"Ratfish, spotted",0
"916",2008,"Ray, bat",0
"917",2008,"Ray, Pacific electric",815
"918",2008,"Ray, unspecified",149
"919",2008,"Rockfish, aurora",278
"920",2008,"Rockfish, bank",0
"921",2008,"Rockfish, black",0
"922",2008,"Rockfish, black-and-yellow",0
"923",2008,"Rockfish, blackgill",0
"924",2008,"Rockfish, blue",0
"925",2008,"Rockfish, bocaccio",0
"926",2008,"Rockfish, bronzespotted",40
"927",2008,"Rockfish, brown",0
"928",2008,"Rockfish, canary",0
"929",2008,"Rockfish, chameleon",0
"930",2008,"Rockfish, chilipepper",0
"931",2008,"Rockfish, China",0
"932",2008,"Rockfish, copper",0
"933",2008,"Rockfish, darkblotched",0
"934",2008,"Rockfish, flag",317
"935",2008,"Rockfish, gopher",0
"936",2008,"Rockfish, grass",0
"937",2008,"Rockfish, greenblotched",363
"938",2008,"Rockfish, greenspotted",1985
"939",2008,"Rockfish, greenstriped",139
"940",2008,"Rockfish, group bocaccio/chili.",642
"941",2008,"Rockfish, group bolina",274
"942",2008,"Rockfish, group deep nearshor",25
"943",2008,"Rockfish, group gopher",584
"944",2008,"Rockfish, group nearshore",170
"945",2008,"Rockfish, group red",0
"946",2008,"Rockfish, group rosefish",0
"947",2008,"Rockfish, group shelf",537
"948",2008,"Rockfish, group slope",0
"949",2008,"Rockfish, group small",0
"950",2008,"Rockfish, honeycomb",0
"951",2008,"Rockfish, kelp",1073
"952",2008,"Rockfish, Mexican",87
"953",2008,"Rockfish, olive",1676
"954",2008,"Rockfish, Pacific ocean perch.",453
"955",2008,"Rockfish, quillback",1644
"956",2008,"Rockfish, redbanded",145
"957",2008,"Rockfish, rosethorn",2
"958",2008,"Rockfish, rosy",880
"959",2008,"Rockfish, speckled",126
"960",2008,"Rockfish, splitnose",0
"961",2008,"Rockfish, squarespot",1
"962",2008,"Rockfish, starry",1364
"963",2008,"Rockfish, swordspine",7
"964",2008,"Rockfish, treefish",0
"965",2008,"Rockfish, unspecified",594
"966",2008,"Rockfish, vermilion",0
"967",2008,"Rockfish, widow",0
"968",2008,"Rockfish, yelloweye",37
"969",2008,"Rockfish, yellowtail",0
"970",2008,"Sablefish",0
"971",2008,"Salmon, Chinook",0
"972",2008,"Sanddab",0
"973",2008,"Sanddab, Pacific",0
"974",2008,"Sardine, juvenile",101
"975",2008,"Sardine, Pacific",0
"976",2008,"Sargo",0
"977",2008,"Scorpionfish, California",356
"978",2008,"Sculpin, staghorn",0
"979",2008,"Seabass, white",0
"980",2008,"Shad, American",11
"981",2008,"Shad, threadfin",100
"982",2008,"Shark, bigeye thresher",166
"983",2008,"Shark, blacktip",7
"984",2008,"Shark, blue",125
"985",2008,"Shark, brown smoothhound",0
"986",2008,"Shark, gray smoothhound",246
"987",2008,"Shark, horn",0
"988",2008,"Shark, leopard",0
"989",2008,"Shark, Pacific angel",0
"990",2008,"Shark, pelagic thresher",0
"991",2008,"Shark, sevengill",108
"992",2008,"Shark, shortfin mako",0
"993",2008,"Shark, sixgill",25
"994",2008,"Shark, smooth hammerhead...",208
"995",2008,"Shark, soupfin",0
"996",2008,"Shark, spiny dogfish",0
"997",2008,"Shark, swell",12
"998",2008,"Shark, thresher",0
"999",2008,"Shark, unspecified",0
"1000",2008,"Shark, white",128
"1001",2008,"Sheephead, California",0
"1002",2008,"Silversides",0
"1003",2008,"Skate, big",155
"1004",2008,"Skate, California",20
"1005",2008,"Skate, thornback",0
"1006",2008,"Skate, unspecified",0
"1007",2008,"Smelt, night",0
"1008",2008,"Smelt, surf",0
"1009",2008,"Smelts, true",15
"1010",2008,"Sole, butter",86
"1011",2008,"Sole, Dover",0
"1012",2008,"Sole, English",0
"1013",2008,"Sole, fantail",172
"1014",2008,"Sole, petrale",0
"1015",2008,"Sole, rex",0
"1016",2008,"Sole, rock",0
"1017",2008,"Sole, sand",0
"1018",2008,"Sole, slender",0
"1019",2008,"Sole, unspecified",0
"1020",2008,"Stingray",0
"1021",2008,"Surfperch, barred",0
"1022",2008,"Surfperch, black",53
"1023",2008,"Surfperch, pile",0
"1024",2008,"Surfperch, rainbow",5
"1025",2008,"Surfperch, redtail",268
"1026",2008,"Surfperch, rubberlip",38
"1027",2008,"Surfperch, unspecified",0
"1028",2008,"Surfperch, walleye",1
"1029",2008,"Surfperch, white",32
"1030",2008,"Swordfish",0
"1031",2008,"Thornyhead, longspine",0
"1032",2008,"Thornyhead, shortspine",0
"1033",2008,"Thornyheads",698
"1034",2008,"Tomcod, Pacific",535
"1035",2008,"Tuna, albacore",0
"1036",2008,"Tuna, bigeye",0
"1037",2008,"Tuna, bluefin",416
"1038",2008,"Tuna, skipjack",837
"1039",2008,"Tuna, skipjack, black",0
"1040",2008,"Tuna, unspecified",780
"1041",2008,"Tuna, yellowfin",0
"1042",2008,"Turbot",595
"1043",2008,"Turbot, diamond",0
"1044",2008,"Turbot, hornyhead",6
"1045",2008,"Wahoo",574
"1046",2008,"Whitefish, ocean",0
"1047",2008,"Whiting, Pacific",28
"1048",2008,"Yellowtail",859
"1049",2009,"Anchovy, northern",0
"1050",2009,"Barracuda, California",0
"1051",2009,"Bass, giant sea",0
"1052",2009,"Bass, kelp",12
"1053",2009,"Bonito, Pacific",0
"1054",2009,"Butterfish (Pacific pompano)...",0
"1055",2009,"Cabezon",0
"1056",2009,"Croaker, unspecifed",18
"1057",2009,"Croaker, white",0
"1058",2009,"Croaker, yellowfin",0
"1059",2009,"Dolphin (fish)",0
"1060",2009,"Eel",0
"1061",2009,"Eel, California moray",20
"1062",2009,"Eel, monkeyface (prickleback)",79
"1063",2009,"Escolar",0
"1064",2009,"Fish, unspecified",37
"1065",2009,"Flounder, arrowtooth",999
"1066",2009,"Flounder, starry",0
"1067",2009,"Flounder, unspecified",922
"1068",2009,"Flyingfish",2
"1069",2009,"Goby, yellowfin",714
"1070",2009,"Greenling, kelp",0
"1071",2009,"Grenadier",0
"1072",2009,"Guitarfish, shovelnose",0
"1073",2009,"Hagfishes",0
"1074",2009,"Halfmoon",12
"1075",2009,"Halibut, California",0
"1076",2009,"Halibut, Pacific",0
"1077",2009,"Herring, Pacific",0
"1078",2009,"Herring, Pacific - roe",0
"1079",2009,"Herring, Pacific - roe on kelp...",0
"1080",2009,"Jacksmelt",0
"1081",2009,"Kelpfish, giant",0
"1082",2009,"Lamprey, Pacific",0
"1083",2009,"Lingcod",0
"1084",2009,"Lizardfish, California",583
"1085",2009,"Louvar",1211
"1086",2009,"Mackerel, jack",0
"1087",2009,"Mackerel, Pacific",0
"1088",2009,"Mackerel, unspecified",264
"1089",2009,"Midshipman, plainfin",157
"1090",2009,"Mudsucker, longjaw",677
"1091",2009,"Oilfish",0
"1092",2009,"Opah",0
"1093",2009,"Opaleye",32
"1094",2009,"Pomfret, Pacific",233
"1095",2009,"Queenfish",47
"1096",2009,"Ratfish, spotted",11
"1097",2009,"Ray, bat",727
"1098",2009,"Ray, Pacific electric",673
"1099",2009,"Ray, unspecified",189
"1100",2009,"Rockfish, aurora",1760
"1101",2009,"Rockfish, bank",0
"1102",2009,"Rockfish, black",0
"1103",2009,"Rockfish, black-and-yellow",0
"1104",2009,"Rockfish, blackgill",0
"1105",2009,"Rockfish, blue",0
"1106",2009,"Rockfish, bocaccio",0
"1107",2009,"Rockfish, brown",0
"1108",2009,"Rockfish, calico",0
"1109",2009,"Rockfish, canary",0
"1110",2009,"Rockfish, chameleon",190
"1111",2009,"Rockfish, chilipepper",0
"1112",2009,"Rockfish, China",0
"1113",2009,"Rockfish, copper",0
"1114",2009,"Rockfish, cowcod",110
"1115",2009,"Rockfish, darkblotched",0
"1116",2009,"Rockfish, flag",313
"1117",2009,"Rockfish, gopher",0
"1118",2009,"Rockfish, grass",0
"1119",2009,"Rockfish, greenblotched",189
"1120",2009,"Rockfish, greenspotted",1001
"1121",2009,"Rockfish, greenstriped",58
"1122",2009,"Rockfish, group bolina",169
"1123",2009,"Rockfish, group gopher",275
"1124",2009,"Rockfish, group nearshore",0
"1125",2009,"Rockfish, group red",0
"1126",2009,"Rockfish, group rosefish",0
"1127",2009,"Rockfish, group shelf",1334
"1128",2009,"Rockfish, group slope",0
"1129",2009,"Rockfish, group small",202
"1130",2009,"Rockfish, honeycomb",0
"1131",2009,"Rockfish, kelp",0
"1132",2009,"Rockfish, olive",2247
"1133",2009,"Rockfish, Pacific ocean perch.",1
"1134",2009,"Rockfish, quillback",693
"1135",2009,"Rockfish, redbanded",177
"1136",2009,"Rockfish, rosethorn",93
"1137",2009,"Rockfish, rosy",434
"1138",2009,"Rockfish, shortbelly",0
"1139",2009,"Rockfish, speckled",188
"1140",2009,"Rockfish, splitnose",0
"1141",2009,"Rockfish, squarespot",0
"1142",2009,"Rockfish, starry",0
"1143",2009,"Rockfish, stripetail",0
"1144",2009,"Rockfish, treefish",0
"1145",2009,"Rockfish, unspecified",898
"1146",2009,"Rockfish, vermilion",0
"1147",2009,"Rockfish, widow",0
"1148",2009,"Rockfish, yelloweye",82
"1149",2009,"Rockfish, yellowtail",0
"1150",2009,"Sablefish",0
"1151",2009,"Salmon",32
"1152",2009,"Salmon, Chinook",0
"1153",2009,"Sanddab",0
"1154",2009,"Sanddab, Pacific",0
"1155",2009,"Sardine, Pacific",0
"1156",2009,"Sargo",2
"1157",2009,"Scorpionfish, California",188
"1158",2009,"Sculpin, staghorn",0
"1159",2009,"Seabass, white",0
"1160",2009,"Seaperch, striped",861
"1161",2009,"Shad, American",1
"1162",2009,"Shark, bigeye thresher",659
"1163",2009,"Shark, blue",0
"1164",2009,"Shark, brown smoothhound",295
"1165",2009,"Shark, gray smoothhound",25
"1166",2009,"Shark, horn",0
"1167",2009,"Shark, leopard",0
"1168",2009,"Shark, Pacific angel",0
"1169",2009,"Shark, pelagic thresher",36
"1170",2009,"Shark, salmon",0
"1171",2009,"Shark, sevengill",283
"1172",2009,"Shark, shortfin mako",0
"1173",2009,"Shark, soupfin",0
"1174",2009,"Shark, spiny dogfish",0
"1175",2009,"Shark, swell",0
"1176",2009,"Shark, thresher",0
"1177",2009,"Shark, unspecified",0
"1178",2009,"Shark, white",0
"1179",2009,"Sheephead, California",0
"1180",2009,"Silversides",118
"1181",2009,"Skate, big",0
"1182",2009,"Skate, longnose",0
"1183",2009,"Skate, thornback",0
"1184",2009,"Skate, unspecified",0
"1185",2009,"Smelt, night",603
"1186",2009,"Smelt, surf",24
"1187",2009,"Smelts, true",0
"1188",2009,"Sole, Dover",0
"1189",2009,"Sole, English",0
"1190",2009,"Sole, fantail",14
"1191",2009,"Sole, petrale",0
"1192",2009,"Sole, rex",0
"1193",2009,"Sole, rock",0
"1194",2009,"Sole, sand",0
"1195",2009,"Sole, unspecified",0
"1196",2009,"Stingray",225
"1197",2009,"Surfperch, barred",0
"1198",2009,"Surfperch, black",218
"1199",2009,"Surfperch, calico",56
"1200",2009,"Surfperch, pile",159
"1201",2009,"Surfperch, rainbow",25
"1202",2009,"Surfperch, redtail",746
"1203",2009,"Surfperch, rubberlip",260
"1204",2009,"Surfperch, unspecified",0
"1205",2009,"Surfperch, walleye",8
"1206",2009,"Surfperch, white",40
"1207",2009,"Swordfish",0
"1208",2009,"Thornyhead, longspine",0
"1209",2009,"Thornyhead, shortspine",0
"1210",2009,"Thornyheads",0
"1211",2009,"Triggerfish",0
"1212",2009,"Tuna, albacore",0
"1213",2009,"Tuna, bigeye",0
"1214",2009,"Tuna, bluefin",0
"1215",2009,"Tuna, skipjack",526
"1216",2009,"Tuna, yellowfin",0
"1217",2009,"Turbot",592
"1218",2009,"Turbot, curlfin",33
"1219",2009,"Turbot, diamond",9
"1220",2009,"Turbot, hornyhead",3
"1221",2009,"Wahoo",0
"1222",2009,"Whitefish, ocean",0
"1223",2009,"Whiting, Pacific",804
"1224",2009,"Wrasse, rock",0
"1225",2009,"Yellowtail",847
"1226",2010,"Anchovy, northern",0
"1227",2010,"Barracuda, California",0
"1228",2010,"Bass, barred sand",0
"1229",2010,"Bass, giant sea",0
"1230",2010,"Bass, kelp",0
"1231",2010,"Bass, spotted sand",0
"1232",2010,"Blacksmith",0
"1233",2010,"Bonito, Pacific",956
"1234",2010,"Butterfish (Pacific pompano)...",0
"1235",2010,"Cabezon",0
"1236",2010,"Carp",491
"1237",2010,"Corvina, shortfin",37
"1238",2010,"Croaker, unspecifed",479
"1239",2010,"Croaker, white",0
"1240",2010,"Dolphin (fish)",0
"1241",2010,"Eel, California moray",3
"1242",2010,"Eel, monkeyface (prickleback)",35
"1243",2010,"Escolar",0
"1244",2010,"Fish, unspecified",239
"1245",2010,"Flounder, arrowtooth",0
"1246",2010,"Flounder, starry",0
"1247",2010,"Flounder, unspecified",319
"1248",2010,"Goby, yellowfin",22
"1249",2010,"Greenling, kelp",0
"1250",2010,"Grenadier",0
"1251",2010,"Guitarfish, shovelnose",0
"1252",2010,"Hagfishes",0
"1253",2010,"Halfmoon",38
"1254",2010,"Halibut, California",0
"1255",2010,"Halibut, Pacific",30
"1256",2010,"Herring, Pacific - roe",0
"1257",2010,"Jacksmelt",0
"1258",2010,"Kelpfishes",0
"1259",2010,"Lingcod",0
"1260",2010,"Lizardfish, California",0
"1261",2010,"Louvar",627
"1262",2010,"Mackerel, jack",0
"1263",2010,"Mackerel, Pacific",0
"1264",2010,"Mackerel, unspecified",12
"1265",2010,"Midshipman, plainfin",0
"1266",2010,"Oilfish",0
"1267",2010,"Opah",0
"1268",2010,"Opaleye",20
"1269",2010,"Pomfret, Pacific",107
"1270",2010,"Queenfish",0
"1271",2010,"Ratfish, spotted",30
"1272",2010,"Ray, bat",131
"1273",2010,"Ray, Pacific electric",272
"1274",2010,"Ray, unspecified",81
"1275",2010,"Rockfish, aurora",550
"1276",2010,"Rockfish, bank",0
"1277",2010,"Rockfish, black",0
"1278",2010,"Rockfish, black-and-yellow",0
"1279",2010,"Rockfish, blackgill",0
"1280",2010,"Rockfish, blue",0
"1281",2010,"Rockfish, bocaccio",0
"1282",2010,"Rockfish, brown",0
"1283",2010,"Rockfish, calico",1
"1284",2010,"Rockfish, canary",886
"1285",2010,"Rockfish, chilipepper",0
"1286",2010,"Rockfish, China",0
"1287",2010,"Rockfish, copper",0
"1288",2010,"Rockfish, cowcod",0
"1289",2010,"Rockfish, darkblotched",0
"1290",2010,"Rockfish, flag",198
"1291",2010,"Rockfish, gopher",0
"1292",2010,"Rockfish, grass",0
"1293",2010,"Rockfish, greenblotched",126
"1294",2010,"Rockfish, greenspotted",768
"1295",2010,"Rockfish, greenstriped",14
"1296",2010,"Rockfish, group bolina",67
"1297",2010,"Rockfish, group gopher",51
"1298",2010,"Rockfish, group nearshore",45
"1299",2010,"Rockfish, group red",1076
"1300",2010,"Rockfish, group rosefish",40
"1301",2010,"Rockfish, group shelf",516
"1302",2010,"Rockfish, group slope",0
"1303",2010,"Rockfish, group small",0
"1304",2010,"Rockfish, honeycomb",0
"1305",2010,"Rockfish, kelp",2212
"1306",2010,"Rockfish, olive",1169
"1307",2010,"Rockfish, Pacific ocean perch.",47
"1308",2010,"Rockfish, pinkrose",1
"1309",2010,"Rockfish, quillback",222
"1310",2010,"Rockfish, redbanded",393
"1311",2010,"Rockfish, rosethorn",4
"1312",2010,"Rockfish, rosy",415
"1313",2010,"Rockfish, shortbelly",0
"1314",2010,"Rockfish, speckled",457
"1315",2010,"Rockfish, splitnose",0
"1316",2010,"Rockfish, squarespot",24
"1317",2010,"Rockfish, starry",0
"1318",2010,"Rockfish, treefish",0
"1319",2010,"Rockfish, unspecified",535
"1320",2010,"Rockfish, vermilion",0
"1321",2010,"Rockfish, widow",0
"1322",2010,"Rockfish, yelloweye",4
"1323",2010,"Rockfish, yellowtail",2040
"1324",2010,"Sablefish",0
"1325",2010,"Salmon, Chinook",0
"1326",2010,"Salmon, coho",0
"1327",2010,"Salmon, Roe (Chinook, Coho).",2
"1328",2010,"Sanddab",0
"1329",2010,"Sanddab, Pacific",60
"1330",2010,"Sanddab, speckled",0
"1331",2010,"Sardine, Pacific",0
"1332",2010,"Sargo",1
"1333",2010,"Scorpionfish, California",189
"1334",2010,"Sculpin, staghorn",0
"1335",2010,"Seabass, white",0
"1336",2010,"Seaperch, striped",0
"1337",2010,"Senorita",0
"1338",2010,"Shark, bigeye thresher",0
"1339",2010,"Shark, blue",84
"1340",2010,"Shark, brown smoothhound",457
"1341",2010,"Shark, gray smoothhound",119
"1342",2010,"Shark, horn",0
"1343",2010,"Shark, leopard",0
"1344",2010,"Shark, Pacific angel",0
"1345",2010,"Shark, pelagic thresher",0
"1346",2010,"Shark, salmon",0
"1347",2010,"Shark, sevengill",144
"1348",2010,"Shark, shortfin mako",0
"1349",2010,"Shark, sixgill",12
"1350",2010,"Shark, soupfin",1602
"1351",2010,"Shark, spiny dogfish",0
"1352",2010,"Shark, thresher",0
"1353",2010,"Shark, unspecified",0
"1354",2010,"Shark, white",145
"1355",2010,"Sheephead, California",0
"1356",2010,"Skate, big",0
"1357",2010,"Skate, longnose",0
"1358",2010,"Skate, thornback",12
"1359",2010,"Skate, unspecified",0
"1360",2010,"Smelt, night",1069
"1361",2010,"Smelt, surf",179
"1362",2010,"Smelts, true",8
"1363",2010,"Sole, Dover",0
"1364",2010,"Sole, English",0
"1365",2010,"Sole, fantail",16
"1366",2010,"Sole, petrale",0
"1367",2010,"Sole, rex",0
"1368",2010,"Sole, rock",0
"1369",2010,"Sole, sand",0
"1370",2010,"Sole, unspecified",0
"1371",2010,"Stingray",0
"1372",2010,"Sunfish, ocean",0
"1373",2010,"Surfperch, barred",0
"1374",2010,"Surfperch, black",157
"1375",2010,"Surfperch, pile",25
"1376",2010,"Surfperch, rainbow",33
"1377",2010,"Surfperch, redtail",105
"1378",2010,"Surfperch, rubberlip",212
"1379",2010,"Surfperch, shiner",35
"1380",2010,"Surfperch, unspecified",0
"1381",2010,"Surfperch, walleye",45
"1382",2010,"Swordfish",0
"1383",2010,"Thornyhead, longspine",0
"1384",2010,"Thornyhead, shortspine",0
"1385",2010,"Thornyheads",0
"1386",2010,"Trawled fish, unspecified",832
"1387",2010,"Triggerfish",6
"1388",2010,"Tuna, albacore",0
"1389",2010,"Tuna, bigeye",0
"1390",2010,"Tuna, bluefin",532
"1391",2010,"Tuna, skipjack",0
"1392",2010,"Tuna, unspecified",0
"1393",2010,"Tuna, yellowfin",0
"1394",2010,"Turbot",614
"1395",2010,"Turbot, hornyhead",3
"1396",2010,"Wahoo",0
"1397",2010,"Whitefish, ocean",0
"1398",2010,"Whiting, Pacific",42
"1399",2010,"Wrasse, rock",0
"1400",2010,"Yellowtail",0
"1401",2011,"Anchovy, northern",0
"1402",2011,"Barracuda, California",0
"1403",2011,"Bass, giant sea",0
"1404",2011,"Blacksmith",0
"1405",2011,"Bonito, Pacific",0
"1406",2011,"Butterfish (Pacific pompano",811
"1407",2011,"Cabezon",0
"1408",2011,"Croaker, white",0
"1409",2011,"Dolphin (fish)",0
"1410",2011,"Eel",3
"1411",2011,"Eel, California moray",779
"1412",2011,"Eel, monkeyface (pricklebac",96
"1413",2011,"Eel, spotted cusk-",0
"1414",2011,"Eel, wolf (wolf-eel)",671
"1415",2011,"Escolar",0
"1416",2011,"Fish, unspecified",0
"1417",2011,"Flounder, arrowtooth",0
"1418",2011,"Flounder, starry",0
"1419",2011,"Flounder, unspecified",207
"1420",2011,"Goby, yellowfin",31
"1421",2011,"Greenling, kelp",0
"1422",2011,"Greenling, rock",2
"1423",2011,"Grenadier",0
"1424",2011,"Guitarfish, shovelnose",0
"1425",2011,"Hagfishes",0
"1426",2011,"Halfmoon",11
"1427",2011,"Halibut, California",0
"1428",2011,"Halibut, Pacific",0
"1429",2011,"Halibut, unspecified",64
"1430",2011,"Herring, Pacific - roe",0
"1431",2011,"Jacksmelt",0
"1432",2011,"Kelpfishes",1
"1433",2011,"Lingcod",0
"1434",2011,"Lizardfish, California",0
"1435",2011,"Louvar",799
"1436",2011,"Mackerel, jack",805
"1437",2011,"Mackerel, Pacific",0
"1438",2011,"Mackerel, unspecified",11
"1439",2011,"Midshipman, plainfin",0
"1440",2011,"Oilfish",0
"1441",2011,"Opah",0
"1442",2011,"Opaleye",69
"1443",2011,"Pomfret, Pacific",677
"1444",2011,"Ratfish, spotted",52
"1445",2011,"Ray, bat",35
"1446",2011,"Ray, Pacific electric",283
"1447",2011,"Ray, unspecified",0
"1448",2011,"Rockfish, aurora",0
"1449",2011,"Rockfish, bank",0
"1450",2011,"Rockfish, black",0
"1451",2011,"Rockfish, black-and-yellow.",0
"1452",2011,"Rockfish, blackgill",0
"1453",2011,"Rockfish, blue",0
"1454",2011,"Rockfish, bocaccio",0
"1455",2011,"Rockfish, brown",0
"1456",2011,"Rockfish, canary",714
"1457",2011,"Rockfish, chameleon",0
"1458",2011,"Rockfish, chilipepper",0
"1459",2011,"Rockfish, China",0
"1460",2011,"Rockfish, copper",0
"1461",2011,"Rockfish, cowcod",32
"1462",2011,"Rockfish, darkblotched",0
"1463",2011,"Rockfish, flag",301
"1464",2011,"Rockfish, gopher",0
"1465",2011,"Rockfish, grass",0
"1466",2011,"Rockfish, greenblotched",218
"1467",2011,"Rockfish, greenspotted",859
"1468",2011,"Rockfish, greenstriped",78
"1469",2011,"Rockfish, group bolina",67
"1470",2011,"Rockfish, group nearshore...",6
"1471",2011,"Rockfish, group red",1404
"1472",2011,"Rockfish, group rosefish",5
"1473",2011,"Rockfish, group shelf",149
"1474",2011,"Rockfish, group slope",0
"1475",2011,"Rockfish, group small",15
"1476",2011,"Rockfish, honeycomb",0
"1477",2011,"Rockfish, kelp",1567
"1478",2011,"Rockfish, olive",1204
"1479",2011,"Rockfish, Pacific ocean per",15
"1480",2011,"Rockfish, quillback",210
"1481",2011,"Rockfish, redbanded",112
"1482",2011,"Rockfish, rosethorn",76
"1483",2011,"Rockfish, rosy",251
"1484",2011,"Rockfish, shortbelly",957
"1485",2011,"Rockfish, speckled",279
"1486",2011,"Rockfish, splitnose",0
"1487",2011,"Rockfish, squarespot",1
"1488",2011,"Rockfish, starry",607
"1489",2011,"Rockfish, treefish",0
"1490",2011,"Rockfish, unspecified",246
"1491",2011,"Rockfish, vermilion",0
"1492",2011,"Rockfish, widow",0
"1493",2011,"Rockfish, yelloweye",8
"1494",2011,"Rockfish, yellowtail",1947
"1495",2011,"Sablefish",0
"1496",2011,"Salmon, Chinook",0
"1497",2011,"Salmon, chum",5
"1498",2011,"Salmon, Roe (Chinook, Coho",11
"1499",2011,"Sanddab",0
"1500",2011,"Sanddab, Pacific",0
"1501",2011,"Sardine, Pacific",0
"1502",2011,"Sargo",2
"1503",2011,"Scorpionfish, California",129
"1504",2011,"Sculpin, staghorn",0
"1505",2011,"Seabass, white",0
"1506",2011,"Seaperch, striped",22
"1507",2011,"Senorita",0
"1508",2011,"Shad, threadfin",239
"1509",2011,"Shark, bigeye thresher",0
"1510",2011,"Shark, blue",56
"1511",2011,"Shark, brown smoothhound.",162
"1512",2011,"Shark, gray smoothhound",32
"1513",2011,"Shark, horn",0
"1514",2011,"Shark, leopard",0
"1515",2011,"Shark, Pacific angel",0
"1516",2011,"Shark, pelagic thresher",0
"1517",2011,"Shark, sevengill",624
"1518",2011,"Shark, shortfin mako",0
"1519",2011,"Shark, sixgill",52
"1520",2011,"Shark, soupfin",1396
"1521",2011,"Shark, spiny dogfish",366
"1522",2011,"Shark, swell",8
"1523",2011,"Shark, thresher",0
"1524",2011,"Shark, unspecified",0
"1525",2011,"Shark, white",85
"1526",2011,"Sheephead, California",0
"1527",2011,"Skate, big",671
"1528",2011,"Skate, California",776
"1529",2011,"Skate, longnose",0
"1530",2011,"Skate, thornback",0
"1531",2011,"Skate, unspecified",0
"1532",2011,"Smelt, night",415
"1533",2011,"Smelt, surf",241
"1534",2011,"Sole, bigmouth",0
"1535",2011,"Sole, Dover",0
"1536",2011,"Sole, English",0
"1537",2011,"Sole, fantail",309
"1538",2011,"Sole, petrale",0
"1539",2011,"Sole, rex",0
"1540",2011,"Sole, rock",0
"1541",2011,"Sole, sand",0
"1542",2011,"Sole, slender",0
"1543",2011,"Sole, unspecified",0
"1544",2011,"Stingray",0
"1545",2011,"Surfperch, barred",0
"1546",2011,"Surfperch, black",7
"1547",2011,"Surfperch, calico",290
"1548",2011,"Surfperch, rainbow",196
"1549",2011,"Surfperch, redtail",79
"1550",2011,"Surfperch, rubberlip",384
"1551",2011,"Surfperch, shiner",127
"1552",2011,"Surfperch, unspecified",1682
"1553",2011,"Surfperch, walleye",38
"1554",2011,"Swordfish",0
"1555",2011,"Thornyhead, longspine",0
"1556",2011,"Thornyhead, shortspine",0
"1557",2011,"Thornyheads",0
"1558",2011,"Tomcod, Pacific",3
"1559",2011,"Topsmelt",19
"1560",2011,"Trawled fish, unspecified",601
"1561",2011,"Tuna, albacore",0
"1562",2011,"Tuna, bigeye",0
"1563",2011,"Tuna, bluefin",0
"1564",2011,"Tuna, skipjack",0
"1565",2011,"Tuna, unspecified",681
"1566",2011,"Tuna, yellowfin",198
"1567",2011,"Turbot",312
"1568",2011,"Turbot, curlfin",310
"1569",2011,"Turbot, hornyhead",0
"1570",2011,"Wahoo",515
"1571",2011,"Whitefish, ocean",0
"1572",2011,"Whiting, Pacific",0
"1573",2011,"Yellowtail",659
"1574",2012,"Anchovy, northern",0
"1575",2012,"Barracuda, California",0
"1576",2012,"Bass, barred sand",0
"1577",2012,"Bass, giant sea",0
"1578",2012,"Bass, kelp",5
"1579",2012,"Blacksmith",17
"1580",2012,"Bonito, Pacific",403
"1581",2012,"Bullhead, brown",200
"1582",2012,"Butterfish (Pacific pompano",0
"1583",2012,"Cabezon",0
"1584",2012,"Corvina, shortfin",0
"1585",2012,"Croaker, white",0
"1586",2012,"Croaker, yellowfin",0
"1587",2012,"Dolphin (fish)",0
"1588",2012,"Eel",0
"1589",2012,"Eel, California moray",103
"1590",2012,"Eel, monkeyface (pricklebac",421
"1591",2012,"Escolar",0
"1592",2012,"Fish, unspecified",0
"1593",2012,"Flounder, arrowtooth",0
"1594",2012,"Flounder, starry",0
"1595",2012,"Flounder, unspecified",73
"1596",2012,"Flyingfish",0
"1597",2012,"Greenling, kelp",0
"1598",2012,"Greenling, rock",9
"1599",2012,"Grenadier",0
"1600",2012,"Guitarfish, shovelnose",1084
"1601",2012,"Hagfishes",0
"1602",2012,"Halfmoon",0
"1603",2012,"Halibut, California",0
"1604",2012,"Halibut, Pacific",44
"1605",2012,"Herring, Pacific - roe",0
"1606",2012,"Herring, Pacific - roe on kel",0
"1607",2012,"Jacks, unspecified",2
"1608",2012,"Jacksmelt",0
"1609",2012,"Kelpfish, giant",0
"1610",2012,"Kelpfishes",15
"1611",2012,"Lingcod",0
"1612",2012,"Lizardfish, California",0
"1613",2012,"Louvar",1131
"1614",2012,"Mackerel, jack",0
"1615",2012,"Mackerel, Pacific",0
"1616",2012,"Mackerel, unspecified",74
"1617",2012,"Midshipman, plainfin",246
"1618",2012,"Oilfish",0
"1619",2012,"Opah",0
"1620",2012,"Opaleye",55
"1621",2012,"Pomfret, Pacific",1370
"1622",2012,"Ratfish, spotted",196
"1623",2012,"Ray, bat",157
"1624",2012,"Ray, Pacific electric",456
"1625",2012,"Ray, unspecified",0
"1626",2012,"Rockfish, aurora",0
"1627",2012,"Rockfish, bank",0
"1628",2012,"Rockfish, black",0
"1629",2012,"Rockfish, black-and-yellow.",0
"1630",2012,"Rockfish, blackgill",0
"1631",2012,"Rockfish, blue",2231
"1632",2012,"Rockfish, bocaccio",0
"1633",2012,"Rockfish, bronzespotted",36
"1634",2012,"Rockfish, brown",0
"1635",2012,"Rockfish, canary",1105
"1636",2012,"Rockfish, chilipepper",0
"1637",2012,"Rockfish, China",0
"1638",2012,"Rockfish, copper",0
"1639",2012,"Rockfish, cowcod",182
"1640",2012,"Rockfish, darkblotched",0
"1641",2012,"Rockfish, flag",595
"1642",2012,"Rockfish, gopher",0
"1643",2012,"Rockfish, grass",0
"1644",2012,"Rockfish, greenblotched",141
"1645",2012,"Rockfish, greenspotted",0
"1646",2012,"Rockfish, greenstriped",129
"1647",2012,"Rockfish, group bocaccio/c",0
"1648",2012,"Rockfish, group bolina",206
"1649",2012,"Rockfish, group nearshore...",150
"1650",2012,"Rockfish, group red",0
"1651",2012,"Rockfish, group rosefish",5
"1652",2012,"Rockfish, group shelf",994
"1653",2012,"Rockfish, group slope",0
"1654",2012,"Rockfish, group small",3
"1655",2012,"Rockfish, honeycomb",0
"1656",2012,"Rockfish, kelp",1546
"1657",2012,"Rockfish, Mexican",16
"1658",2012,"Rockfish, olive",2002
"1659",2012,"Rockfish, Pacific ocean per",21
"1660",2012,"Rockfish, pink",38
"1661",2012,"Rockfish, pinkrose",0
"1662",2012,"Rockfish, quillback",464
"1663",2012,"Rockfish, redbanded",0
"1664",2012,"Rockfish, rosethorn",79
"1665",2012,"Rockfish, rosy",324
"1666",2012,"Rockfish, shortbelly",10
"1667",2012,"Rockfish, speckled",248
"1668",2012,"Rockfish, splitnose",0
"1669",2012,"Rockfish, squarespot",60
"1670",2012,"Rockfish, starry",528
"1671",2012,"Rockfish, stripetail",13
"1672",2012,"Rockfish, treefish",0
"1673",2012,"Rockfish, unspecified",293
"1674",2012,"Rockfish, vermilion",0
"1675",2012,"Rockfish, widow",0
"1676",2012,"Rockfish, yelloweye",6
"1677",2012,"Rockfish, yellowtail",1755
"1678",2012,"Sablefish",0
"1679",2012,"Sailfish",126
"1680",2012,"Salmon, Chinook",0
"1681",2012,"Salmon, Roe (Chinook, Coho",131
"1682",2012,"Sanddab",0
"1683",2012,"Sanddab, Pacific",396
"1684",2012,"Sardine, Pacific",0
"1685",2012,"Sargo",9
"1686",2012,"Scorpionfish, California",488
"1687",2012,"Sculpin, staghorn",0
"1688",2012,"Seabass, white",0
"1689",2012,"Seaperch, striped",463
"1690",2012,"Shad, threadfin",41
"1691",2012,"Shark, blue",0
"1692",2012,"Shark, brown smoothhound.",179
"1693",2012,"Shark, gray smoothhound",3
"1694",2012,"Shark, horn",14
"1695",2012,"Shark, leopard",0
"1696",2012,"Shark, Pacific angel",0
"1697",2012,"Shark, pelagic thresher",80
"1698",2012,"Shark, salmon",255
"1699",2012,"Shark, sevengill",441
"1700",2012,"Shark, shortfin mako",0
"1701",2012,"Shark, sixgill",0
"1702",2012,"Shark, smooth hammerhead.",0
"1703",2012,"Shark, soupfin",1226
"1704",2012,"Shark, spiny dogfish",0
"1705",2012,"Shark, swell",11
"1706",2012,"Shark, thresher",0
"1707",2012,"Shark, unspecified",0
"1708",2012,"Shark, white",332
"1709",2012,"Sheephead, California",0
"1710",2012,"Skate, big",0
"1711",2012,"Skate, California",0
"1712",2012,"Skate, longnose",0
"1713",2012,"Skate, thornback",1
"1714",2012,"Skate, unspecified",0
"1715",2012,"Smelt, night",121
"1716",2012,"Smelt, surf",0
"1717",2012,"Sole, bigmouth",0
"1718",2012,"Sole, butter",624
"1719",2012,"Sole, Dover",0
"1720",2012,"Sole, English",0
"1721",2012,"Sole, petrale",0
"1722",2012,"Sole, rex",0
"1723",2012,"Sole, rock",0
"1724",2012,"Sole, sand",0
"1725",2012,"Sole, slender",1
"1726",2012,"Sole, unspecified",0
"1727",2012,"Stingray",0
"1728",2012,"Surfperch, barred",0
"1729",2012,"Surfperch, black",469
"1730",2012,"Surfperch, calico",130
"1731",2012,"Surfperch, pile",117
"1732",2012,"Surfperch, rainbow",92
"1733",2012,"Surfperch, redtail",204
"1734",2012,"Surfperch, rubberlip",139
"1735",2012,"Surfperch, shiner",138
"1736",2012,"Surfperch, unspecified",563
"1737",2012,"Surfperch, walleye",89
"1738",2012,"Swordfish",0
"1739",2012,"Thornyhead, longspine",0
"1740",2012,"Thornyhead, shortspine",0
"1741",2012,"Thornyheads",491
"1742",2012,"Trawled fish, unspecified",573
"1743",2012,"Triggerfish",0
"1744",2012,"Tuna, albacore",0
"1745",2012,"Tuna, bigeye",0
"1746",2012,"Tuna, bluefin",0
"1747",2012,"Tuna, skipjack",0
"1748",2012,"Tuna, yellowfin",0
"1749",2012,"Turbot",796
"1750",2012,"Turbot, curlfin",69
"1751",2012,"Turbot, hornyhead",0
"1752",2012,"Wahoo",0
"1753",2012,"Whitefish, ocean",0
"1754",2012,"Whiting, Pacific",0
"1755",2012,"Yellowtail",0
"1756",2013,"Anchovy, northern",0
"1757",2013,"Barracuda, California",0
"1758",2013,"Bass, giant sea",0
"1759",2013,"Bonito, Pacific",0
"1760",2013,"Butterfish (Pacific pompano",0
"1761",2013,"Cabezon",0
"1762",2013,"Cod, Pacific",0
"1763",2013,"Corbina, California",0
"1764",2013,"Croaker, white",0
"1765",2013,"Dolphin (fish)",1574
"1766",2013,"Eel",0
"1767",2013,"Eel, California moray",564
"1768",2013,"Eel, monkeyface (pricklebac",509
"1769",2013,"Eel, wolf (wolf-eel)",7
"1770",2013,"Escolar",0
"1771",2013,"Fish, unspecified",570
"1772",2013,"Flounder, arrowtooth",0
"1773",2013,"Flounder, starry",0
"1774",2013,"Flounder, unspecified",38
"1775",2013,"Flyingfish",0
"1776",2013,"Goby, yellowfin",12
"1777",2013,"Greenling, kelp",0
"1778",2013,"Greenling, rock",6
"1779",2013,"Grenadier",0
"1780",2013,"Grouper",0
"1781",2013,"Guitarfish, shovelnose",0
"1782",2013,"Hagfishes",0
"1783",2013,"Halfmoon",0
"1784",2013,"Halibut, California",0
"1785",2013,"Halibut, Pacific",40
"1786",2013,"Herring, Pacific",526
"1787",2013,"Herring, Pacific - roe",0
"1788",2013,"Herring, Pacific - roe on kel",0
"1789",2013,"Jacksmelt",0
"1790",2013,"Lingcod",0
"1791",2013,"Lizardfish, California",0
"1792",2013,"Louvar",633
"1793",2013,"Mackerel, jack",75
"1794",2013,"Mackerel, Pacific",913
"1795",2013,"Mackerel, unspecified",25
"1796",2013,"Midshipman, plainfin",29
"1797",2013,"Mudsucker, longjaw",31
"1798",2013,"Oilfish",0
"1799",2013,"Opah",0
"1800",2013,"Opaleye",49
"1801",2013,"Pomfret, Pacific",964
"1802",2013,"Queenfish",0
"1803",2013,"Ratfish, spotted",628
"1804",2013,"Ray, bat",154
"1805",2013,"Ray, Pacific electric",304
"1806",2013,"Ray, unspecified",0
"1807",2013,"Rockfish, aurora",0
"1808",2013,"Rockfish, bank",0
"1809",2013,"Rockfish, black",0
"1810",2013,"Rockfish, black-and-yellow.",0
"1811",2013,"Rockfish, blackgill",0
"1812",2013,"Rockfish, blue",0
"1813",2013,"Rockfish, bocaccio",0
"1814",2013,"Rockfish, brown",0
"1815",2013,"Rockfish, canary",0
"1816",2013,"Rockfish, chilipepper",0
"1817",2013,"Rockfish, China",0
"1818",2013,"Rockfish, copper",0
"1819",2013,"Rockfish, cowcod",416
"1820",2013,"Rockfish, darkblotched",0
"1821",2013,"Rockfish, flag",305
"1822",2013,"Rockfish, gopher",0
"1823",2013,"Rockfish, grass",0
"1824",2013,"Rockfish, greenblotched",135
"1825",2013,"Rockfish, greenspotted",0
"1826",2013,"Rockfish, greenstriped",40
"1827",2013,"Rockfish, group bolina",53
"1828",2013,"Rockfish, group canary/ver",3
"1829",2013,"Rockfish, group nearshore...",14
"1830",2013,"Rockfish, group red",0
"1831",2013,"Rockfish, group rosefish",25
"1832",2013,"Rockfish, group shelf",0
"1833",2013,"Rockfish, group slope",0
"1834",2013,"Rockfish, group small",88
"1835",2013,"Rockfish, honeycomb",0
"1836",2013,"Rockfish, kelp",1887
"1837",2013,"Rockfish, Mexican",55
"1838",2013,"Rockfish, olive",0
"1839",2013,"Rockfish, Pacific ocean per",9
"1840",2013,"Rockfish, pink",1
"1841",2013,"Rockfish, pinkrose",6
"1842",2013,"Rockfish, quillback",323
"1843",2013,"Rockfish, redbanded",216
"1844",2013,"Rockfish, rosethorn",75
"1845",2013,"Rockfish, rosy",196
"1846",2013,"Rockfish, shortbelly",61
"1847",2013,"Rockfish, speckled",373
"1848",2013,"Rockfish, splitnose",0
"1849",2013,"Rockfish, squarespot",13
"1850",2013,"Rockfish, starry",868
"1851",2013,"Rockfish, stripetail",8
"1852",2013,"Rockfish, treefish",0
"1853",2013,"Rockfish, unspecified",606
"1854",2013,"Rockfish, vermilion",0
"1855",2013,"Rockfish, widow",0
"1856",2013,"Rockfish, yelloweye",24
"1857",2013,"Rockfish, yellowtail",0
"1858",2013,"Sablefish",0
"1859",2013,"Salmon, Chinook",0
"1860",2013,"Salmon, Roe (Chinook, Coho",637
"1861",2013,"Sanddab",0
"1862",2013,"Sanddab, longfin",11
"1863",2013,"Sanddab, Pacific",0
"1864",2013,"Sardine, Pacific",0
"1865",2013,"Sargo",140
"1866",2013,"Scorpionfish, California",685
"1867",2013,"Sculpin, staghorn",0
"1868",2013,"Seabass, white",0
"1869",2013,"Seaperch, striped",0
"1870",2013,"Shad, American",65
"1871",2013,"Shark, bigeye thresher",41
"1872",2013,"Shark, blue",10
"1873",2013,"Shark, brown smoothhound.",247
"1874",2013,"Shark, gray smoothhound",0
"1875",2013,"Shark, horn",82
"1876",2013,"Shark, leopard",0
"1877",2013,"Shark, Pacific angel",0
"1878",2013,"Shark, pelagic thresher",75
"1879",2013,"Shark, salmon",0
"1880",2013,"Shark, sevengill",399
"1881",2013,"Shark, shortfin mako",0
"1882",2013,"Shark, sixgill",9
"1883",2013,"Shark, soupfin",0
"1884",2013,"Shark, spiny dogfish",0
"1885",2013,"Shark, swell",24
"1886",2013,"Shark, thresher",0
"1887",2013,"Shark, unspecified",1014
"1888",2013,"Sharks, cow",150
"1889",2013,"Sheephead, California",0
"1890",2013,"Skate, big",0
"1891",2013,"Skate, California",13
"1892",2013,"Skate, longnose",0
"1893",2013,"Skate, thornback",0
"1894",2013,"Skate, unspecified",0
"1895",2013,"Smelt, night",0
"1896",2013,"Smelt, surf",86
"1897",2013,"Sole, butter",90
"1898",2013,"Sole, Dover",0
"1899",2013,"Sole, English",0
"1900",2013,"Sole, petrale",0
"1901",2013,"Sole, rex",0
"1902",2013,"Sole, rock",0
"1903",2013,"Sole, sand",0
"1904",2013,"Sole, unspecified",0
"1905",2013,"Splittail",0
"1906",2013,"Stingray",0
"1907",2013,"Surfperch, barred",0
"1908",2013,"Surfperch, black",362
"1909",2013,"Surfperch, calico",171
"1910",2013,"Surfperch, pile",94
"1911",2013,"Surfperch, rainbow",0
"1912",2013,"Surfperch, redtail",482
"1913",2013,"Surfperch, rubberlip",163
"1914",2013,"Surfperch, shiner",196
"1915",2013,"Surfperch, unspecified",0
"1916",2013,"Swordfish",0
"1917",2013,"Thornyhead, longspine",0
"1918",2013,"Thornyhead, shortspine",0
"1919",2013,"Thornyheads",0
"1920",2013,"Tomcod, Pacific",68
"1921",2013,"Topsmelt",0
"1922",2013,"Trawled fish, unspecified",806
"1923",2013,"Triggerfish",0
"1924",2013,"Tuna, albacore",0
"1925",2013,"Tuna, bigeye",0
"1926",2013,"Tuna, bluefin",0
"1927",2013,"Tuna, skipjack",704
"1928",2013,"Tuna, unspecified",0
"1929",2013,"Tuna, yellowfin",0
"1930",2013,"Turbot",888
"1931",2013,"Turbot, curlfin",33
"1932",2013,"Turbot, diamond",16
"1933",2013,"Turbot, hornyhead",2
"1934",2013,"Wahoo",0
"1935",2013,"Whitefish, ocean",0
"1936",2013,"Whiting, Pacific",0
"1937",2013,"Yellowtail",0
"1938",2014,"Anchovy, northern",0
"1939",2014,"Barracuda, California",0
"1940",2014,"Bass, giant sea",0
"1941",2014,"Bass, kelp",5
"1942",2014,"Blacksmith",16
"1943",2014,"Bonito, Pacific",0
"1944",2014,"Bullhead, brown",0
"1945",2014,"Butterfish (Pacific pompano",0
"1946",2014,"Cabezon",0
"1947",2014,"Cod, Pacific",0
"1948",2014,"Corvina, shortfin",0
"1949",2014,"Croaker, white",0
"1950",2014,"Croaker, yellowfin",0
"1951",2014,"Dolphin (fish)",0
"1952",2014,"Eel",0
"1953",2014,"Eel, California moray",85
"1954",2014,"Eel, monkeyface (pricklebac",252
"1955",2014,"Escolar",0
"1956",2014,"Fish, unspecified",0
"1957",2014,"Flounder, arrowtooth",0
"1958",2014,"Flounder, starry",0
"1959",2014,"Flounder, unspecified",44
"1960",2014,"Flyingfish",1
"1961",2014,"Goby, bluebanded",1
"1962",2014,"Goby, yellowfin",3
"1963",2014,"Greenling, kelp",0
"1964",2014,"Greenling, rock",498
"1965",2014,"Grenadier",0
"1966",2014,"Grunion, California",0
"1967",2014,"Guitarfish, shovelnose",213
"1968",2014,"Hagfishes",0
"1969",2014,"Halfmoon",6
"1970",2014,"Halibut, California",0
"1971",2014,"Herring, Pacific - roe",0
"1972",2014,"Jacksmelt",0
"1973",2014,"Lingcod",0
"1974",2014,"Lizardfish, California",0
"1975",2014,"Louvar",961
"1976",2014,"Mackerel, jack",0
"1977",2014,"Mackerel, Pacific",0
"1978",2014,"Mackerel, unspecified",553
"1979",2014,"Midshipman, plainfin",256
"1980",2014,"Mudsucker, longjaw",24
"1981",2014,"Oilfish",0
"1982",2014,"Opah",0
"1983",2014,"Opaleye",47
"1984",2014,"Pomfret, Pacific",0
"1985",2014,"Queenfish",0
"1986",2014,"Ratfish, spotted",0
"1987",2014,"Ray, bat",0
"1988",2014,"Ray, Pacific electric",200
"1989",2014,"Ray, unspecified",315
"1990",2014,"Rockfish, aurora",0
"1991",2014,"Rockfish, bank",0
"1992",2014,"Rockfish, black",0
"1993",2014,"Rockfish, black-and-yellow.",0
"1994",2014,"Rockfish, blackgill",0
"1995",2014,"Rockfish, blue",0
"1996",2014,"Rockfish, bocaccio",0
"1997",2014,"Rockfish, brown",0
"1998",2014,"Rockfish, canary",0
"1999",2014,"Rockfish, chilipepper",0
"2000",2014,"Rockfish, China",0
"2001",2014,"Rockfish, copper",0
"2002",2014,"Rockfish, cowcod",425
"2003",2014,"Rockfish, darkblotched",0
"2004",2014,"Rockfish, flag",271
"2005",2014,"Rockfish, gopher",0
"2006",2014,"Rockfish, grass",0
"2007",2014,"Rockfish, greenblotched",5
"2008",2014,"Rockfish, greenspotted",0
"2009",2014,"Rockfish, greenstriped",550
"2010",2014,"Rockfish, group black/blue..",4
"2011",2014,"Rockfish, group bocaccio/c",34
"2012",2014,"Rockfish, group bolina",175
"2013",2014,"Rockfish, group nearshore...",0
"2014",2014,"Rockfish, group red",0
"2015",2014,"Rockfish, group rosefish",1
"2016",2014,"Rockfish, group shelf",539
"2017",2014,"Rockfish, group slope",0
"2018",2014,"Rockfish, group small",22
"2019",2014,"Rockfish, honeycomb",0
"2020",2014,"Rockfish, kelp",1628
"2021",2014,"Rockfish, Mexican",140
"2022",2014,"Rockfish, olive",2044
"2023",2014,"Rockfish, Pacific ocean per",8
"2024",2014,"Rockfish, pinkrose",0
"2025",2014,"Rockfish, quillback",431
"2026",2014,"Rockfish, redbanded",259
"2027",2014,"Rockfish, rosethorn",142
"2028",2014,"Rockfish, rosy",41
"2029",2014,"Rockfish, shortbelly",55
"2030",2014,"Rockfish, speckled",337
"2031",2014,"Rockfish, splitnose",0
"2032",2014,"Rockfish, squarespot",19
"2033",2014,"Rockfish, starry",496
"2034",2014,"Rockfish, stripetail",4
"2035",2014,"Rockfish, treefish",0
"2036",2014,"Rockfish, unspecified",192
"2037",2014,"Rockfish, vermilion",0
"2038",2014,"Rockfish, widow",0
"2039",2014,"Rockfish, yelloweye",138
"2040",2014,"Rockfish, yellowtail",0
"2041",2014,"Sablefish",0
"2042",2014,"Salmon, Chinook",0
"2043",2014,"Salmon, Roe (Chinook, Coho",0
"2044",2014,"Sanddab",0
"2045",2014,"Sanddab, longfin",2
"2046",2014,"Sanddab, Pacific",0
"2047",2014,"Sardine, juvenile",0
"2048",2014,"Sardine, Pacific",0
"2049",2014,"Sargo",0
"2050",2014,"Scorpionfish, California",119
"2051",2014,"Sculpin, staghorn",0
"2052",2014,"Seabass, white",0
"2053",2014,"Seaperch, striped",0
"2054",2014,"Shad, threadfin",31
"2055",2014,"Shark, bigeye thresher",648
"2056",2014,"Shark, brown smoothhound.",0
"2057",2014,"Shark, horn",35
"2058",2014,"Shark, leopard",0
"2059",2014,"Shark, Pacific angel",0
"2060",2014,"Shark, pelagic thresher",0
"2061",2014,"Shark, sevengill",715
"2062",2014,"Shark, shortfin mako",0
"2063",2014,"Shark, smooth hammerhead.",75
"2064",2014,"Shark, soupfin",0
"2065",2014,"Shark, spiny dogfish",0
"2066",2014,"Shark, swell",133
"2067",2014,"Shark, thresher",0
"2068",2014,"Shark, unspecified",0
"2069",2014,"Shark, white",131
"2070",2014,"Sheephead, California",0
"2071",2014,"Skate, big",0
"2072",2014,"Skate, longnose",0
"2073",2014,"Skate, thornback",0
"2074",2014,"Skate, unspecified",0
"2075",2014,"Smelt, night",0
"2076",2014,"Smelt, surf",0
"2077",2014,"Smelts, true",124
"2078",2014,"Sole, butter",22
"2079",2014,"Sole, Dover",0
"2080",2014,"Sole, English",0
"2081",2014,"Sole, fantail",40
"2082",2014,"Sole, petrale",0
"2083",2014,"Sole, rex",0
"2084",2014,"Sole, rock",0
"2085",2014,"Sole, sand",0
"2086",2014,"Sole, unspecified",0
"2087",2014,"Splittail",185
"2088",2014,"Stingray",3
"2089",2014,"Surfperch, barred",0
"2090",2014,"Surfperch, black",247
"2091",2014,"Surfperch, calico",136
"2092",2014,"Surfperch, pile",21
"2093",2014,"Surfperch, rainbow",98
"2094",2014,"Surfperch, redtail",0
"2095",2014,"Surfperch, rubberlip",144
"2096",2014,"Surfperch, shiner",0
"2097",2014,"Surfperch, unspecified",0
"2098",2014,"Surfperch, walleye",440
"2099",2014,"Surfperch, white",22
"2100",2014,"Swordfish",0
"2101",2014,"Thornyhead, longspine",0
"2102",2014,"Thornyhead, shortspine",0
"2103",2014,"Thornyheads",0
"2104",2014,"Tomcod, Pacific",888
"2105",2014,"Trawled fish, unspecified",558
