,TL,DemersPelag,DepthRangeShallow,DepthRangeDeep,Length,BodyShapeI,References TL,References shallow depth,references body shape
Agonopsis sterletus,3.2,demersal,42,91,15,elongated,Trophic Level (Ref. 69278): 3.2 Â±0.5 se; Based on size and trophs of closest relatives,,
Agonopsis vulsa,3.3,demersal,0,163,20,elongated,Trophic Level (Ref. 69278): 3.3 Â±0.5 se; Based on size and trophs of closest relatives,,
Albatrossia pectoralis,4.3,bathydemersal,140,3500,210,elongated,,,
Alepocephalus tenebrosus,3.5,bathydemersal,46,5500,61,elongated,Trophic Level (Ref. 69278): 3.5 Â±0.50 se; Based on food items.,,
Allosmerus elongatus,3.3,demersal,1,103,22.9,elongated,Trophic Level (Ref. 69278): 3.3 Â±0.4 se; Based on size and trophs of closest relatives,,
Alosa sapidissima,3.48,pelagic-neritic,0,250,76,fusiform / normal,,,
Amphistichus argenteus,3.53,demersal,0,73,43,fusiform / normal,," Froese, Rainer and Pauly, Daniel, eds. (2013). ""Amphistichus argenteus"" in FishBase. ",
Amphistichus rhodoterus,3.37,demersal,0,7,41,short and / or deep,,,
Anarrhichthys ocellatus,3.5,demersal,1,226,240,elongated,Trophic Level (Ref. 69278): 3.5 Â±0.53 se; Based on food items.,,
Anoplopoma fimbria,3.84,bathydemersal,175,2740,120,fusiform / normal,,,
Antimora microlepis,3.5,bathypelagic,175,3048,75,fusiform / normal,Trophic Level (Ref. 69278): 3.5 Â±0.37 se; Based on food items.,,
Aphanopus intermedius,4.3,benthopelagic,300,1350,148,eel-like,Trophic Level (Ref. 69278): 4.3 Â±0.7 se; Based on size and trophs of closest relatives,,
Apristurus brunneus,3.58,demersal,33,1306,69,elongated,,,
Apristurus kampae,3.9,bathydemersal,180,1888,58.4,elongated,Trophic Level (Ref. 69278): 3.9 Â±0.4 se; Based on size and trophs of closest relatives,Apristurus kampae (Longnose Catshark) - IUCN Red List,
Arctozenus risso,3.22,bathypelagic,0,2200,30,elongated,,,
Argentina sialis,3.1,demersal,11,325,22,elongated,Trophic Level (Ref. 69278): 3.1 Â±0.30 se; Based on food items.,,
Argyropelecus affinis,3.1,bathypelagic,1,3872,8.4,short and / or deep,Trophic Level (Ref. 69278): 3.1 Â±0.19 se; Based on food items.,,
Argyropelecus lychnus,3,bathypelagic,200,700,5.9,short and / or deep,Trophic Level (Ref. 69278): 3.0 Â±0.16 se; Based on food items.,,
Aristostomias scintillans,3.5,bathypelagic,0,1219,23,elongated,Trophic Level (Ref. 69278): 3.5 Â±0.50 se; Based on food items.,,
Atheresthes stomias,4.17,demersal,18,950,84,short and / or deep,,,
Atherinops affinis,2.8,pelagic-neritic,0,26,37,elongated,rophic Level (Ref. 69278): 2.8 Â±0.28 se; Based on food items.,Atherinops affinis - Shorefishes - The Fishes - Species,
Atherinopsis californiensis,2.3,pelagic-neritic,0,30,45,elongated,Trophic Level (Ref. 69278): 2.3 Â±0.21 se; Based on food items.,Atherinopsis californiensis - Shorefishes - The Fishes - Species,
Bathyagonus nigripinnis,3.3,demersal,18,1290,24.2,elongated,Trophic Level (Ref. 69278): 3.3 Â±0.4 se; Based on size and trophs of closest relatives,,
Bathyagonus pentacanthus,3.2,demersal,110,910,23,elongated,Trophic Level (Ref. 69278): 3.2 Â±0.4 se; Based on size and trophs of closest relatives,,
Bathylagus pacificus,3.3,bathypelagic,600,7700,25,fusiform / normal,Trophic Level (Ref. 69278): 3.3 Â±0.42 se; Based on food items.,,
Bathyraja aleutica,4.1,bathydemersal,15,1602,161,other,Trophic Level (Ref. 69278): 4.1 Â±0.76 se; Based on food items.,,
Bathyraja spinosissima,4.1,bathydemersal,800,2938,150,other,Trophic Level (Ref. 69278): 4.1 Â±0.7 se; Based on size and trophs of closest relatives,,
Bathyraja trachura,4,bathydemersal,213,2550,91,other,Trophic Level (Ref. 69278): 4.0 Â±0.7 se; Based on size and trophs of closest relatives,,
Bothrocara brunneum,3.61,bathydemersal,129,2570,74,eel-like,,,
Brosmophycis marginata,3.5,demersal,3,256,46,elongated,Trophic Level (Ref. 69278): 3.5 Â±0.6 se; Based on size and trophs of closest relatives,,
Careproctus cypselurus,3.3,bathydemersal,35,1775,32.3,elongated,Trophic Level (Ref. 69278): 3.3 Â±0.5 se; Based on size and trophs of closest relatives,,
Careproctus gilberti,3.2,bathydemersal,73,886,8.9,other,Trophic Level (Ref. 69278): 3.2 Â±0.5 se; Based on size and trophs of closest relatives,,
Careproctus melanurus,3.4,bathydemersal,89,2286,54,fusiform / normal,Trophic Level (Ref. 69278): 3.4 Â±0.47 se; Based on food items.,,
Cataetyx rubrirostris,3.5,bathydemersal,300,1000,15.7,elongated,Trophic Level (Ref. 69278): 3.5 Â±0.5 se; Based on size and trophs of closest relatives,,
Chauliodus macouni,4.5,bathypelagic,25,4390,29.3,elongated,,,
Chesnonia verrucosa,3.2,demersal,18,425,20,elongated,Trophic Level (Ref. 69278): 3.2 Â±0.3 se; Based on size and trophs of closest relatives,,
Chiasmodon niger,4.2,pelagic-oceanic,700,2745,25,elongated,Trophic Level (Ref. 69278): 4.2 Â±0.73 se; Based on food items.,,
Chilara taylori,4.1,demersal,0,280,40.4,eel-like,Trophic Level (Ref. 69278): 4.1 Â±0.57 se; Based on food items.,,
Chitonotus pugetensis,3.6,demersal,0,142,23,elongated,Trophic Level (Ref. 69278): 3.6 Â±0.55 se; Based on food items.,,
Citharichthys sordidus,3.46,demersal,0,549,41,fusiform / normal,,,
Citharichthys stigmaeus,3.4,demersal,15,549,17,short and / or deep,Trophic Level (Ref. 69278): 3.4 Â±0.52 se; Based on food items.,,
Clinocottus acuticeps,3.5,demersal,0,20,6.4,elongated,Trophic Level (Ref. 69278): 3.5 Â±0.37 se; Based on food items.,,
Coryphaenoides acrolepis,3.8,bathydemersal,300,3700,104,elongated,Trophic Level (Ref. 69278): 3.8 Â±0.54 se; Based on food items.,,
Coryphaenoides cinereus,3.6,bathydemersal,150,3500,66,elongated,Trophic Level (Ref. 69278): 3.6 Â±0.5 se; Based on size and trophs of closest relatives,,
Cymatogaster aggregata,3,demersal,1,146,20.3,short and / or deep,Trophic Level (Ref. 69278): 3.0 Â±0.31 se; Based on food items.,,
Dasycottus setiger,3.87,demersal,15,850,73,fusiform / normal,,,
Diaphus theta,3.19,bathypelagic,10,3400,11.4,fusiform / normal,,,
Elassodiscus caudatus,3.4,bathydemersal,335,1040,8.5,elongated,Trophic Level (Ref. 69278): 3.4 Â±0.6 se; Based on size and trophs of closest relatives,,FAMILY Details for Liparidae - Snailfishes - FishBase
Embassichthys bathybius,3.4,bathydemersal,41,1800,47,short and / or deep,Trophic Level (Ref. 69278): 3.4 Â±0.2 se; Based on size and trophs of closest relatives,,
Embiotoca lateralis,3.3,demersal,0,21,38,short and / or deep,Trophic Level (Ref. 69278): 3.3 Â±0.49 se; Based on food items.,Striped perch (Embiotoca lateralis) - SIMoN :: Species Database,
Engraulis mordax,3.1,pelagic-neritic,0,310,24.8,elongated,Trophic Level (Ref. 69278): 3.1 Â±0.28 se; Based on food items.,,
Enophrys bison,3.3,demersal,20,20,37,fusiform / normal,Trophic Level (Ref. 69278): 3.3 Â±0.52 se; Based on food items.,Buffalo sculpin | Washington Department of Fish & Wildlife,
Enophrys taurina,3.5,demersal,11,256,17,fusiform / normal,Trophic Level (Ref. 69278): 3.5 Â±0.4 se; Based on size and trophs of closest relatives,,A trait collection of marine fish species from North Atlantic and ...
Eopsetta jordani,4.1,demersal,0,550,53,short and / or deep,Trophic Level (Ref. 69278): 4.1 Â±0.67 se; Based on food items.,,
Eptatretus deani,3.8,bathydemersal,103,2743,63.5,eel-like,Trophic Level (Ref. 69278): 3.8 Â±0.52 se; Based on food items.,,
Eptatretus stoutii,4.2,demersal,16,966,63.5,eel-like,Trophic Level (Ref. 69278): 4.2 Â±0.70 se; Based on food items.,,
Gadus macrocephalus,4.16,demersal,10,1280,119,fusiform / normal,,,
Galeorhinus galeus,4.34,benthopelagic,0,1100,193,elongated,,,
Gasterosteus aculeatus,3.31,benthopelagic,0,100,11,fusiform / normal,,,
Genyonemus lineatus,3.4,benthopelagic,3,183,41,fusiform / normal,Trophic Level (Ref. 69278): 3.4 Â±0.49 se; Based on food items.,,
Glyptocephalus zachirus,3.25,demersal,0,900,60,short and / or deep,,,
Hemilepidotus spinosus,3.5,demersal,0,780,29,elongated,Trophic Level (Ref. 69278): 3.5 Â±0.50 se; Based on food items.,,
Hexagrammos decagrammus,3.6,demersal,0,46,61,fusiform / normal,Trophic Level (Ref. 69278): 3.6 Â±0.55 se; Based on food items.,Kelp greenling (Hexagrammos decagrammus) - SIMoN ...,
Hexanchus griseus,4.48,bathydemersal,1,2500,482,elongated,,,
Hippoglossina stomata,4,demersal,30,137,40,fusiform / normal,Trophic Level (Ref. 69278): 4.0 Â±0.2 se; Based on size and trophs of closest relatives,,
Hippoglossus stenolepis,4.14,demersal,0,1200,258,fusiform / normal,,,
Howella brodiei,3.2,bathypelagic,100,1829,7.6,fusiform / normal,Trophic Level (Ref. 69278): 3.2 Â±0.4 se; Based on size and trophs of closest relatives,,
Hydrolagus colliei,3.7,demersal,0,913,100,elongated,Trophic Level (Ref. 69278): 3.7 Â±0.54 se; Based on food items.,,
Hyperprosopon anale,3.3,demersal,0,101,20,fusiform / normal,Trophic Level (Ref. 69278): 3.3 Â±0.5 se; Based on size and trophs of closest relatives,,
Icelinus burchami,3.5,demersal,61,570,13,elongated,Trophic Level (Ref. 69278): 3.5 Â±0.5 se; Based on size and trophs of closest relatives,,
Icelinus filamentosus,3.5,demersal,18,800,27,elongated,Trophic Level (Ref. 69278): 3.5 Â±0.56 se; Based on food items.,,
Icelinus fimbriatus,3.7,demersal,50,265,19,fusiform / normal,Trophic Level (Ref. 69278): 3.7 Â±0.6 se; Based on size and trophs of closest relatives,,
Icelinus tenuis,3.6,demersal,33,373,14,elongated,Trophic Level (Ref. 69278): 3.6 Â±0.59 se; Based on food items.,,
Icichthys lockingtoni,3.7,pelagic-oceanic,0,900,46,short and / or deep,Trophic Level (Ref. 69278): 3.7 Â±0.33 se; Based on food items.,,
Icosteus aenigmaticus,4.5,bathypelagic,0,1420,213,short and / or deep,Trophic Level (Ref. 69278): 4.5 Â±0.57 se; Based on food items.,,
Idiacanthus antrostomus,3.8,bathypelagic,0,1103,33,elongated,Trophic Level (Ref. 69278): 3.8 Â±0.60 se; Based on food items.,,
Isopsetta isolepis,3.6,demersal,20,425,55,short and / or deep,Trophic Level (Ref. 69278): 3.6 Â±0.54 se; Based on food items.,,
Jordania zonope,3.4,demersal,2,38,15,elongated,Trophic Level (Ref. 69278): 3.4 Â±0.50 se; Based on food items.,,
Kathetostoma averruncus,4.3,bathydemersal,13,384,32,fusiform / normal,Trophic Level (Ref. 69278): 4.3 Â±0.71 se; Based on food items.,,
Lepidopsetta bilineata,3.18,demersal,0,575,58,short and / or deep,,,
Leptoclinus maculatus,3.3,demersal,2,607,20,elongated,Trophic Level (Ref. 69278): 3.3 Â±0.39 se; Based on food items.,,
Leptocottus armatus,3.7,demersal,0,156,46,elongated,Trophic Level (Ref. 69278): 3.7 Â±0.64 se; Based on food items.,,
Lestidiops ringens,4.1,bathypelagic,0,3290,21,elongated,Trophic Level (Ref. 69278): 4.1 Â±0.55 se; Based on food items.,,
Leuroglossus schmidti,3.12,bathypelagic,394,1800,20,elongated,,,
Leuroglossus stilbius,3.3,bathypelagic,100,850,15,elongated,Trophic Level (Ref. 69278): 3.3 Â±0.42 se; Based on food items.,,
Lycenchelys camchatica,3.3,bathydemersal,200,2100,14.5,elongated,Trophic Level (Ref. 69278): 3.3 Â±0.5 se; Based on size and trophs of closest relatives,,https://www.fishbase.se/Summary/SpeciesSummary.php?id=48101&lang=spanish
Lycenchelys crotalinus,3.5,bathydemersal,200,2816,42.2,elongated,Trophic Level (Ref. 69278): 3.5 Â±0.5 se; Based on size and trophs of closest relatives,,
Lycodapus endemoscotus,3.3,bathypelagic,555,2225,12.4,elongated,Trophic Level (Ref. 69278): 3.3 Â±0.3 se; Based on size and trophs of closest relatives,The Ecology of Marine Fishes: California and Adjacent Waters,
Lycodapus fierasfer,3.3,bathypelagic,50,2212,15,elongated,Trophic Level (Ref. 69278): 3.3 Â±0.3 se; Based on size and trophs of closest relatives,,
Lycodapus mandibularis,3.3,bathypelagic,100,1370,20,eel-like,Trophic Level (Ref. 69278): 3.3 Â±0.3 se; Based on size and trophs of closest relatives,,
Lycodes cortezianus,3.5,bathydemersal,73,620,50,elongated,Trophic Level (Ref. 69278): 3.5 Â±0.5 se; Based on size and trophs of closest relatives,,
Lycodes diapterus,3.4,bathydemersal,146,844,33,eel-like,Trophic Level (Ref. 69278): 3.4 Â±0.5 se; Based on size and trophs of closest relatives,,
Lycodes pacificus,3.3,bathydemersal,9,399,46,elongated,Trophic Level (Ref. 69278): 3.3 Â±0.43 se; Based on food items.,,
Lyconema barbatum,3.3,demersal,82,373,17,elongated,Trophic Level (Ref. 69278): 3.3 Â±0.3 se; Based on size and trophs of closest relatives,,
Lyopsetta exilis,3.45,bathydemersal,25,800,35,short and / or deep,,,
Macropinna microstoma,3.6,bathypelagic,16,1267,15,fusiform / normal,Trophic Level (Ref. 69278): 3.6 Â±0.1 se; Based on size and trophs of closest relatives,,
Malacocephalus laevis,3.8,bathydemersal,200,1000,60,elongated,Trophic Level (Ref. 69278): 3.8 Â±0.56 se; Based on food items.,,
Melanostigma pammelas,3.2,bathypelagic,96,699,11,eel-like,Trophic Level (Ref. 69278): 3.2 Â±0.4 se; Based on size and trophs of closest relatives,,https://www.montereybayaquarium.org/animals-and-exhibits/animal-guide/fishes/midwater-eelpout
Merluccius productus,4.35,pelagic-neritic,0,1000,91,elongated,,,
Microgadus proximus,3.6,demersal,0,275,30.5,fusiform / normal,Trophic Level (Ref. 69278): 3.6 Â±0.59 se; Based on food items.,,
Microstomus pacificus,3.22,demersal,10,1370,76,short and / or deep,,,
Mola mola,3.6,pelagic-oceanic,30,480,333,short and / or deep,Trophic Level (Ref. 69278): 3.3 Â±0.43 se; Based on food items.,,
Mustelus californicus,3.52,demersal,0,200,116,elongated,,,
Mustelus henlei,3.61,demersal,0,281,100,elongated,,,
Myliobatis californica,3.24,demersal,0,108,180,other,,,
Nansenia candida,3.3,bathypelagic,83,1800,22.2,elongated,Trophic Level (Ref. 69278): 3.3 Â±0.4 se; Based on size and trophs of closest relatives,,
Nautichthys oculofasciatus,4.1,demersal,1,110,20,elongated,Trophic Level (Ref. 69278): 4.1 Â±0.68 se; Based on food items.,intertidal is 1 m of depth? https://books.google.cl/books?id=tg9FkYS27XgC&pg=PA94&lpg=PA94&dq=nautichthys+oculofasciatus+depth&source=bl&ots=LOPz_MRqcU&sig=ACfU3U2dHevsW3BioAW_ZOfqME1n9Zfbxw&hl=en&sa=X&ved=2ahUKEwj56YS7qannAhXzJrkGHfxQC6MQ6AEwEHoECAsQAQ#v=onepage&q=nautichthys%20oculofasciatus%20depth&f=false,
Nectoliparis pelagicus,3.3,bathypelagic,0,3383,6.5,elongated,Trophic Level (Ref. 69278): 3.3 Â±0.6 se; Based on size and trophs of closest relatives,,
Nezumia liolepis,3.3,bathydemersal,768,1660,30,elongated,Trophic Level (Ref. 69278): 3.3 Â±0.1 se; Based on size and trophs of closest relatives,,
Nezumia stelgidolepis,4.4,bathydemersal,277,909,45,elongated,Trophic Level (Ref. 69278): 4.4 Â±0.80 se; Based on food items.,,
Odontopyxis trispinosa,3.2,demersal,9,373,9.5,elongated,Trophic Level (Ref. 69278): 3.2 Â±0.33 se; Based on food items.,,
Oncorhynchus kisutch,4.2,demersal,0,250,107.95,fusiform / normal,Trophic Level (Ref. 69278): 4.2 Â±0.70 se; Based on food items.,,
Oncorhynchus tshawytscha,4.4,benthopelagic,0,375,150,fusiform / normal,,,
Ophidion scrippsae,3.5,demersal,0,110,28,elongated,Trophic Level (Ref. 69278): 3.5 Â±0.50 se; Based on food items.,,
Ophiodon elongatus,4.53,demersal,0,475,152,elongated,,,
Paralichthys californicus,4.5,demersal,0,183,152,short and / or deep,Trophic Level (Ref. 69278): 4.5 Â±0.63 se; Based on food items.,,
Paraliparis dactylosus,3.5,bathydemersal,541,1000,8.9,elongated,Trophic Level (Ref. 69278): 3.5 Â±0.5 se; Based on size and trophs of closest relatives,,https://www.fishbase.se/physiology/MorphDataSummary.php?genusname=Paraliparis&speciesname=impariporus&autoctr=11881
Parmaturus xaniurus,3.78,bathydemersal,88,1250,45,elongated,,,
Parophrys vetulus,3.4,demersal,0,550,49,short and / or deep,Trophic Level (Ref. 69278): 3.4 Â±0.46 se; Based on food items.,,
Peprilus simillimus,4,benthopelagic,9,91,28,short and / or deep,Trophic Level (Ref. 69278): 4.0 Â±0.2 se; Based on size and trophs of closest relatives,,
Phanerodon atripes,3.3,demersal,0,229,29,short and / or deep,Trophic Level (Ref. 69278): 3.3 Â±0.5 se; Based on size and trophs of closest relatives,,
Phanerodon furcatus,3.3,demersal,5,43,32,fusiform / normal,Trophic Level (Ref. 69278): 3.3 Â±0.5 se; Based on size and trophs of closest relatives,http://kenjonesfishing.com/2014/11/white-seaperch/white-perch_seacliff_2009/,
Physiculus rastrelliger,3.4,demersal,128,523,25,elongated,Trophic Level (Ref. 69278): 3.4 Â±0.4 se; Based on size and trophs of closest relatives,,
Platichthys stellatus,3.58,demersal,0,375,91,short and / or deep,,,
Pleuronichthys coenosus,3.2,demersal,18,350,36,short and / or deep,Trophic Level (Ref. 69278): 3.2 Â±0.39 se; Based on food items.,,
Pleuronichthys decurrens,3.9,demersal,8,533,37,short and / or deep,Trophic Level (Ref. 69278): 3.9 Â±0.55 se; Based on food items.,,
Pleuronichthys ritteri,3.2,demersal,1,50,30,short and / or deep,Trophic Level (Ref. 69278): 3.2 Â±0.4 se; Based on size and trophs of closest relatives,,
Pleuronichthys verticalis,3.1,demersal,9,200,37,short and / or deep,Trophic Level (Ref. 69278): 3.1 Â±0.32 se; Based on food items.,,
Porichthys notatus,4,demersal,0,366,38,elongated,Trophic Level (Ref. 69278): 4.0 Â±0.67 se; Based on food items.,,
Poromitra crassiceps,3.1,bathypelagic,164,2730,14.8,fusiform / normal,Trophic Level (Ref. 69278): 3.1 Â±0.30 se; Based on food items.,,
Psettichthys melanostictus,4.1,demersal,1,325,63,short and / or deep,Trophic Level (Ref. 69278): 4.1 Â±0.67 se; Based on food items.,,
Radulinus asprellus,3.4,demersal,18,284,15,elongated,Trophic Level (Ref. 69278): 3.4 Â±0.3 se; Based on size and trophs of closest relatives,,
Rhacochilus toxotes,3.4,demersal,1,50,47,short and / or deep,Trophic Level (Ref. 69278): 3.4 Â±0.5 se; Based on size and trophs of closest relatives,,
Rhacochilus vacca,3.4,demersal,5,46,44.2,short and / or deep,Trophic Level (Ref. 69278): 3.4 Â±0.53 se; Based on food items.,,
Rhinoliparis attenuatus,3.4,bathydemersal,350,2189,11,elongated,Trophic Level (Ref. 69278): 3.4 Â±0.6 se; Based on size and trophs of closest relatives,"Rhacochilus vacca is most commonly found in dense kelp forests over rocky substrates, to a maximum depth of 46 m. Rhacochilus vacca (Pile Perch) - IUCN Red List",
Ronquilus jordani,3.1,demersal,3,275,20,elongated,Trophic Level (Ref. 69278): 3.1 Â±0.29 se; Based on food items.,,
Sagamichthys abei,3.1,bathypelagic,37,1500,33,elongated,Trophic Level (Ref. 69278): 3.1 Â±0.30 se; Based on food items.,,
Sardinops sagax,2.84,pelagic-neritic,0,200,39.5,fusiform / normal,,,
Scomber japonicus,3.38,pelagic-neritic,0,300,64,fusiform / normal,,,
Sebastes alutus,3.48,bathydemersal,0,825,53,fusiform / normal,,,
Sebastes auriculatus,4,demersal,0,128,56,fusiform / normal,Trophic Level (Ref. 69278): 4.0 Â±0.62 se; Based on food items.,,
Sebastes aurora,3.7,bathydemersal,124,769,41,elongated,Trophic Level (Ref. 69278): 3.7 Â±0.6 se; Based on size and trophs of closest relatives,,
Sebastes babcocki,3.8,demersal,49,625,64,fusiform / normal,Trophic Level (Ref. 69278): 3.8 Â±0.7 se; Based on size and trophs of closest relatives,,
Sebastes brevispinis,3.8,demersal,0,375,71,fusiform / normal,Trophic Level (Ref. 69278): 3.8 Â±0.7 se; Based on size and trophs of closest relatives,,
Sebastes carnatus,3.6,demersal,10,55,39,fusiform / normal,Trophic Level (Ref. 69278): 3.6 Â±0.52 se; Based on food items.,,
Sebastes caurinus,4.06,demersal,10,183,58,fusiform / normal,,https://sanctuarysimon.org/dbtools/species-database/id/209/sebastes/carnatus/gopher-rockfish,
Sebastes chlorostictus,3.8,demersal,49,201,50,fusiform / normal,Trophic Level (Ref. 69278): 3.8 Â±0.6 se; Based on size and trophs of closest relatives,,
Sebastes constellatus,3.7,reef-associated,24,274,46,fusiform / normal,Trophic Level (Ref. 69278): 3.7 Â±0.6 se; Based on size and trophs of closest relatives,,
Sebastes crameri,3.8,bathydemersal,25,600,58,fusiform / normal,Trophic Level (Ref. 69278): 3.8 Â±0.7 se; Based on size and trophs of closest relatives,,
Sebastes diploproa,3.7,bathydemersal,0,800,46,fusiform / normal,Trophic Level (Ref. 69278): 3.7 Â±0.6 se; Based on size and trophs of closest relatives,,
Sebastes elongatus,3.7,demersal,25,425,39,fusiform / normal,Trophic Level (Ref. 69278): 3.7 Â±0.6 se; Based on size and trophs of closest relatives,,
Sebastes emphaeus,3.29,reef-associated,0,366,18,fusiform / normal,,,
Sebastes ensifer,3.6,demersal,70,433,30,fusiform / normal,Trophic Level (Ref. 69278): 3.6 Â±0.6 se; Based on size and trophs of closest relatives,,
Sebastes entomelas,3.7,pelagic-neritic,0,549,60,fusiform / normal,,,
Sebastes eos,3.8,demersal,76,366,56,fusiform / normal,Trophic Level (Ref. 69278): 3.8 Â±0.6 se; Based on size and trophs of closest relatives,,
Sebastes flavidus,4.15,reef-associated,0,549,66,fusiform / normal,,,
Sebastes goodei,3.5,demersal,0,425,56,fusiform / normal,Trophic Level (Ref. 69278): 3.5 Â±0.44 se; Based on food items.,,
Sebastes helvomaculatus,3.7,demersal,25,549,41,fusiform / normal,Trophic Level (Ref. 69278): 3.7 Â±0.6 se; Based on size and trophs of closest relatives,,
Sebastes hopkinsi,3.6,reef-associated,18,183,29,fusiform / normal,Trophic Level (Ref. 69278): 3.6 Â±0.6 se; Based on size and trophs of closest relatives,,
Sebastes jordani,3.2,demersal,0,350,32,elongated,Trophic Level (Ref. 69278): 3.2 Â±0.35 se; Based on food items.,,
Sebastes levis,4,bathydemersal,20,500,100,fusiform / normal,Trophic Level (Ref. 69278): 4.0 Â±0.7 se; Based on size and trophs of closest relatives,,
Sebastes macdonaldi,3.8,demersal,91,350,66,fusiform / normal,Trophic Level (Ref. 69278): 3.8 Â±0.7 se; Based on size and trophs of closest relatives,,
Sebastes maliger,3.84,demersal,0,274,61,fusiform / normal,,,
Sebastes melanops,4.38,reef-associated,0,366,63,fusiform / normal,,,
Sebastes melanostomus,3.8,bathydemersal,124,769,61,fusiform / normal,Trophic Level (Ref. 69278): 3.8 Â±0.7 se; Based on size and trophs of closest relatives,,
Sebastes mystinus,2.71,reef-associated,0,550,61,fusiform / normal,,,
Sebastes nigrocinctus,3.52,reef-associated,10,275,61,fusiform / normal,,,
Sebastes ovalis,3.8,demersal,80,365,56,fusiform / normal,Trophic Level (Ref. 69278): 3.8 Â±0.6 se; Based on size and trophs of closest relatives,,
Sebastes paucispinis,3.5,reef-associated,0,476,91,fusiform / normal,Trophic Level (Ref. 69278): 3.5 Â±0.46 se; Based on food items.,https://books.google.cl/books?id=4ohRAQAAIAAJ&pg=RA7-PP64&lpg=RA7-PP64&dq=Sebastes+ovalis+depth&source=bl&ots=231hV2uJOu&sig=ACfU3U0kQBOTc2V2uWyn7Eczut4OSW7bIg&hl=en&sa=X&ved=2ahUKEwiKwPXxqannAhW5E7kGHTzYDHEQ6AEwAnoECAkQAQ#v=onepage&q=Sebastes%20ovalis%20depth&f=false,
Sebastes pinniger,3.8,demersal,0,838,76,fusiform / normal,Trophic Level (Ref. 69278): 3.8 Â±0.61 se; Based on food items.,,
Sebastes proriger,3.8,bathydemersal,12,425,61,fusiform / normal,Trophic Level (Ref. 69278): 3.8 Â±0.7 se; Based on size and trophs of closest relatives,,
Sebastes rastrelliger,3.9,demersal,0,46,56,fusiform / normal,Trophic Level (Ref. 69278): 3.9 Â±0.61 se; Based on food items.,,
Sebastes reedi,3.9,bathydemersal,137,375,58,fusiform / normal,Trophic Level (Ref. 69278): 3.9 Â±0.65 se; Based on food items.,,
Sebastes rosaceus,3.7,demersal,15,128,36,fusiform / normal,Trophic Level (Ref. 69278): 3.7 Â±0.6 se; Based on size and trophs of closest relatives,,
Sebastes rosenblatti,3.8,demersal,61,396,48,fusiform / normal,Trophic Level (Ref. 69278): 3.8 Â±0.6 se; Based on size and trophs of closest relatives,,
Sebastes ruberrimus,4.43,reef-associated,15,549,104,fusiform / normal,,,
Sebastes rubrivinctus,3.8,demersal,0,302,51,fusiform / normal,Trophic Level (Ref. 69278): 3.8 Â±0.6 se; Based on size and trophs of closest relatives,,
Sebastes rufus,3.8,demersal,31,247,54,fusiform / normal,Trophic Level (Ref. 69278): 3.8 Â±0.6 se; Based on size and trophs of closest relatives,,
Sebastes saxicola,3.7,demersal,9,547,38,fusiform / normal,Trophic Level (Ref. 69278): 3.7 Â±0.6 se; Based on size and trophs of closest relatives,,
Sebastes semicinctus,3.6,demersal,58,402,25,fusiform / normal,Trophic Level (Ref. 69278): 3.6 Â±0.6 se; Based on size and trophs of closest relatives,,
Sebastes serranoides,4.15,reef-associated,0,146,61,fusiform / normal,,,
Sebastes wilsoni,3.6,demersal,30,274,23,fusiform / normal,Trophic Level (Ref. 69278): 3.6 Â±0.6 se; Based on size and trophs of closest relatives,,
Sebastes zacentrus,3.7,bathydemersal,26,476,39,fusiform / normal,Trophic Level (Ref. 69278): 3.7 Â±0.6 se; Based on size and trophs of closest relatives,,
Sebastolobus alascanus,3.62,demersal,17,1600,80,fusiform / normal,,,
Sebastolobus altivelis,3.3,bathydemersal,201,1757,39,fusiform / normal,Trophic Level (Ref. 69278): 3.3 Â±0.3 se; Based on size and trophs of closest relatives,,
Somniosus pacificus,4.36,benthopelagic,0,2205,440,elongated,,,
Spirinchus starksi,3.5,benthopelagic,0,128,23,elongated,Trophic Level (Ref. 69278): 3.5 Â±0.50 se; Based on food items.,http://www.opc.ca.gov/webmaster/_media_library/2019/08/Draft_Marine-Species-Report_Night-Smelt.pdf,
Spirinchus thaleichthys,3.2,benthopelagic,5,137,20,elongated,Trophic Level (Ref. 69278): 3.2 Â±0.35 se; Based on food items.,https://wildlife.ca.gov/Conservation/Fishes/Longfin-Smelt,
Squalus suckleyi,4.5,benthopelagic,15,1244,140,fusiform / normal,Trophic Level (Ref. 69278): 4.5 Â±0.4 se; Based on size and trophs of closest relatives,,
Squatina californica,4.14,demersal,3,205,152,other,,,
Stenobrachius leucopsarus,3.1,bathypelagic,31,3400,13,fusiform / normal,,,
Sternoptyx diaphana,3.44,bathypelagic,400,3676,5.5,short and / or deep,,,
Stomias atriventer,4,bathypelagic,100,1500,25,elongated,Trophic Level (Ref. 69278): 4.0 Â±0.65 se; Based on food items.,,
Symbolophorus californiensis,3.1,pelagic-oceanic,557,1497,11,elongated,Trophic Level (Ref. 69278): 3.1 Â±0.27 se; Based on food items.,,
Synodus lucioceps,4.5,reef-associated,1,229,64,elongated,Trophic Level (Ref. 69278): 4.5 Â±0.80 se; Based on food items.,,
Tactostoma macropus,4.2,bathypelagic,30,2000,34.3,eel-like,,,
Talismania bifurcata,3.4,bathydemersal,300,2000,27.7,elongated,Trophic Level (Ref. 69278): 3.4 Â±0.5 se; Based on size and trophs of closest relatives,,
Tarletonbeania crenularis,3.1,bathypelagic,0,710,12.7,fusiform / normal,Trophic Level (Ref. 69278): 3.1 Â±0.32 se; Based on food items.,,
Tetragonurus cuvieri,3.8,bathypelagic,1,800,70,elongated,Trophic Level (Ref. 69278): 3.8 Â±0.35 se; Based on food items.,,
Thaleichthys pacificus,3.3,pelagic-neritic,0,300,34,elongated,Trophic Level (Ref. 69278): 3.3 Â±0.37 se; Based on food items.,,
Trachipterus altivelis,3.9,pelagic-oceanic,0,900,183,eel-like,Trophic Level (Ref. 69278): 3.9 Â±0.48 se; Based on food items.,,
Trachurus symmetricus,3.57,pelagic-oceanic,0,400,81,fusiform / normal,,,
Xeneretmus latifrons,3.2,bathydemersal,18,400,19,elongated,Trophic Level (Ref. 69278): 3.2 Â±0.40 se; Based on food items.,,
Xystreurys liolepis,3.5,demersal,5,79,63.5,short and / or deep,Trophic Level (Ref. 69278): 3.5 Â±0.50 se; Based on food items.,,
Zalembius rosaceus,3.3,demersal,8,229,20,short and / or deep,Trophic Level (Ref. 69278): 3.3 Â±0.5 se; Based on size and trophs of closest relatives,,
Zaniolepis frenata,3.4,demersal,4,450,25,elongated,Trophic Level (Ref. 69278): 3.4 Â±0.40 se; Based on food items.,,
Zaniolepis latipinnis,3.13,demersal,37,201,30,elongated,,,
